"hair conditioner",0,"1"
"insect killer",20.45723,"Good"
"canned mushroom",53.80029,"Good"
"shabu sauce",96.8032,"Good"
"korean sauce",123.1507,"Good"
"imported drinks",149.0248,"Good"
"facial wash",0,"2"
"celery",30.7928,"Good"
"hot pepper",46.14994,"Good"
"pastry wrappers",70.49771,"Good"
"chicken flakes",101.5089,"Good"
"soy drink milk",121.1938,"Good"
"ion supply juice drink",142.2539,"Good"
"no sugar pineapple drink",156.4585,"Good"
"unsweetened chocolate drink",185.6516,"Good"
"green tea latte drink",211.1823,"Good"
"pretzels",232.0489,"Good"
"apple cider",0,"3"
"pretzels",18.45622,"Good"
"polvoron",39.47791,"Good"
"shabu sauce",66.82413,"Good"
"whole grain oat and wheat cereal",86.84296,"Good"
"green peas",112.5243,"Good"
"icecream",141.5355,"Good"
"conditioner",0,"4"
"special oatmeals",28.46116,"Good"
"bambooshoot",54.80886,"Good"
"cookies",74.8278,"Good"
"corn coffee",96.17751,"Good"
"cheese spread",116.5288,"Good"
"basil",139.5613,"Good"
"hot sauce",156.7654,"Good"
"cola",179.9622,"Good"
"palabok",205.1593,"Good"
"vanilla flavored oat mix",230.3563,"Good"
"original instant coffee",249.5566,"Good"
"sweatened thick creamer",271.6295,"Good"
"baby wash",297.2468,"Good"
"sponge",317.4934,"Good"
"mangosteen",349.1514,"Good"
"beef ribeye",369.3972,"Good"
"fish",388.9703,"Good"
"chorizo",405.5258,"Good"
"chayote",426.106,"Good"
"tissue",0,"5"
"beans",35.45729,"Good"
"hot chili sauce",53.47794,"Good"
"gums",71.49738,"Good"
"rice stick",94.51227,"Good"
"mushrooms",109.535,"Good"
"tea",133.2179,"Good"
"yogurt drink with mixed fruits",164.7425,"Good"
"brownies",183.943,"Good"
"beef loaf",209.4743,"Good"
"turmeric ginger powdered drink",237.6685,"Good"
"odong",269.6308,"Good"
"orange drink",289.8773,"Good"
"yogurt juice",0,"6"
"bell pepper",24.45894,"Good"
"alugbate",48.80833,"Good"
"insect killer",89.81184,"Good"
"kitchen towel",105.8334,"Good"
"liver spread",136.5103,"Good"
"quickmelt cheese",160.7079,"Good"
"chocolate milk drink",184.5716,"Good"
"original instant coffee",206.439,"Good"
"hot sauce",0,"7"
"red wine",24.45844,"Good"
"sweatened condensed milk",44.14449,"Good"
"beans",70.49215,"Good"
"skewers",96.50549,"Good"
"pain relief oil",112.8611,"Good"
"green lemon",145.5362,"Good"
"ampalaya",159.7416,"Good"
"beauty soap",0,"8"
"pantyliner",18.79005,"Good"
"fabric conditioner",40.14254,"Good"
"white coffee mix",70.1545,"Good"
"all-purpose flour",96.83617,"Good"
"chips",128.1783,"Good"
"jellies",148.3787,"Good"
"tamarind",162.5839,"Good"
"burdock",187.7791,"Good"
"shrimp",209.6466,"Good"
"napkin",0,"9"
"chicken flakes",40.12243,"Good"
"no sugar pineapple drink",62.8055,"Good"
"fruits and nuts oats",86.48823,"Good"
"strawberry and yogurt granola",101.8433,"Good"
"sparkling water",0,"10"
"blended juice drinks",17.79055,"Good"
"caesar dressing",42.14234,"Good"
"soy sauce",64.15828,"Good"
"white pepper",90.50674,"Good"
"longganisa",111.5246,"Good"
"lettuce",133.8736,"Good"
"pickled mango",148.0786,"Good"
"mozzarella",167.2798,"Good"
"blueberries",188.8116,"Good"
"tomato",210.6781,"Good"
"bread stick",241.8707,"Good"
"ramen",266.4806,"Good"
"imported drinks",286.054,"Good"
"special oatmeals",310.6639,"Good"
"honey",335.6096,"Good"
"cigarette",363.9105,"Good"
"all purpose cleaner",385.8347,"Good"
"oatmeal",0,"11"
"sweet chili sauce",26.45895,"Good"
"peanuts",46.14491,"Good"
"moisturizer",81.48532,"Good"
"cajun seasoning",130.1514,"Good"
"sports drink",165.0093,"Good"
"avocado",183.5429,"Good"
"pickled mango",201.412,"Good"
"lumpia wrapper",226.6085,"Good"
"cheese sticks",242.8125,"Good"
"sprite",278.5053,"Good"
"royal",291.0318,"Good"
"prune juice",307.9216,"Good"
"beef ribeye",0,"12"
"basil leaves",21.1249,"Good"
"radish",48.80546,"Good"
"yogurt drink with mango",83.14564,"Good"
"sparkling softdrinks",100.8329,"Good"
"yogurt drink with mixed fruits",119.185,"Good"
"low sugar milk",135.0943,"Good"
"cotton buds",158.2926,"Good"
"choco pie",182.824,"Good"
"tissue",209.3533,"Good"
"bleach",239.8784,"Good"
"moisturizer",261.4531,"Good"
"pechay",0,"13"
"potato",22.1263,"Good"
"apples",40.47789,"Good"
"parmesan",56.49994,"Good"
"salad",73.85424,"Good"
"cabbage",87.20995,"Good"
"roasted garlic",117.8877,"Good"
"orange drink",148.6857,"Good"
"canned beer",167.2205,"Good"
"berry special granola",187.7542,"Good"
"plastic spoon and fork",216.615,"Good"
"massage oil",234.1503,"Good"
"nori",263.7357,"Good"
"canton",0,"14"
"misua",13.45661,"Good"
"powder",51.14602,"Good"
"unagi",71.49778,"Good"
"coffee",90.51807,"Good"
"liquid washing",0,"15"
"body wash",22.79107,"Good"
"yogurt juice",48.13951,"Good"
"beans",70.15735,"Good"
"fusilli",83.51315,"Good"
"kimchi",98.20173,"Good"
"caesar dressing",122.551,"Good"
"sweetened mango puree",148.0445,"Good"
"bihon",170.2433,"Good"
"whole grain oats",196.106,"Good"
"classic decaf coffee",217.3056,"Good"
"thick slice bread",234.5092,"Good"
"salted black beans",262.4182,"Good"
"pickled mango",303.4733,"Good"
"kiwi",319.0219,"Good"
"quekiam",348.6658,"Good"
"radish",377.3026,"Good"
"refreshment drink",391.1699,"Good"
"salt",417.4576,"Good"
"shampoo",0,"16"
"aluminum tray",21.45833,"Good"
"general purpose cleaner",39.1457,"Good"
"avocado",69.15724,"Good"
"blueberries",88.17673,"Good"
"banana",107.1956,"Good"
"gouda",124.8812,"Good"
"chorizo",150.2232,"Good"
"root beer",179.4173,"Good"
"papaya",198.9507,"Good"
"sports drink citrus flavor",227.1458,"Good"
"tabasco sauce",246.0136,"Good"
"pandesal",269.2644,"Good"
"carbonara",290.1812,"Good"
"tuna mayo spread",306.0628,"Good"
"shabu sauce",335.3713,"Good"
"battery",356.9595,"Good"
"dried mangoes",371.1642,"Good"
"blueberry jam",394.7664,"Good"
"curry sauce",414.0059,"Good"
"pocky",429.2165,"Good"
"liquid soap",0,"17"
"paper plates",15.78834,"Good"
"body wash",37.1439,"Good"
"milk for kids",54.49891,"Good"
"hot chili sauce",88.17345,"Good"
"popcorn",109.5239,"Good"
"ready made chocolate beverage",130.2092,"Good"
"whole grain oat and wheat cereal",146.4128,"Good"
"sprite",162.9474,"Good"
"canton",188.4783,"Good"
"low calorie beer",211.6757,"Good"
"cream cheese spread",237.2067,"Good"
"wheat rld oats",253.7422,"Good"
"all purpose cream",279.9159,"Good"
"pineapple slice",316.9455,"Good"
"celery",331.1497,"Good"
"egg",356.4297,"Good"
"butter",379.0258,"Good"
"tomato",396.2514,"Good"
"hair styling wax",0,"18"
"liquid detergent",26.12572,"Good"
"mouth wash",53.47387,"Good"
"red wine",83.15131,"Good"
"italian roast coffee",105.8355,"Good"
"peach drink",127.5192,"Good"
"blueberry jam",151.3825,"Good"
"pastry wrappers",185.907,"Good"
"bambooshoot",0,"19"
"instant noodles",15.45786,"Good"
"cheese cake",34.81337,"Good"
"blueberry jam",57.16394,"Good"
"curry paste",78.84836,"Good"
"otap",109.5251,"Good"
"wafer sticks",142.8671,"Good"
"salt",174.7268,"Good"
"banana",197.259,"Good"
"dried fish",226.4534,"Good"
"string beans",258.6658,"Good"
"celery powder",289.6514,"Good"
"white coffee mix",309.2256,"Good"
"spirit drink",335.1786,"Good"
"powdered milk drink for pregnant",358.1093,"Good"
"sweatened condensed milk",376.6756,"Good"
"yogurt drink with mango",396.923,"Good"
"liver spread",415.8254,"Good"
"soju",0,"20"
"almond",16.45761,"Good"
"ketchup",38.47896,"Good"
"fresh milk",60.16219,"Good"
"pears",76.84866,"Good"
"whiskey",108.1939,"Good"
"sugar free oatmeal",126.545,"Good"
"palm oil",147.0185,"Good"
"sweetened rice cereal",169.2168,"Good"
"olives",197.4124,"Good"
"shave",233.2692,"Good"
"instant noodles",0,"21"
"popcorn",26.12512,"Good"
"korean sauce",48.1441,"Good"
"cloves",72.15805,"Good"
"kiwi",100.5052,"Good"
"fries",128.5173,"Good"
"sweet golden melon",153.049,"Good"
"pastry wrappers",178.5789,"Good"
"sports drink tropical fruit",211.7707,"Good"
"facial wash",0,"22"
"wine",24.12531,"Good"
"potato strings",40.81342,"Good"
"popcorn",56.50124,"Good"
"oyster sauce",80.18456,"Good"
"tea",104.1987,"Good"
"white bread",131.88,"Good"
"mango juice drink",157.0759,"Good"
"soy milk drink strawberry flavor",177.9435,"Good"
"palabok",204.8044,"Good"
"cabbage",256.3197,"Good"
"chicken cutlet",0,"23"
"marinade mix",39.45609,"Good"
"liquid seasoning",54.81199,"Good"
"hot sauce",73.16315,"Good"
"odong",89.85072,"Good"
"toothbrush",132.8535,"Good"
"milk tea",151.7221,"Good"
"air freshener",191.5744,"Good"
"polvoron",0,"24"
"cheese berry pie",23.1257,"Good"
"shampoo",48.13984,"Good"
"hot chili sauce",65.82667,"Good"
"cleaner",81.18227,"Good"
"curry",100.533,"Good"
"cheese block",127.5469,"Good"
"mamon",148.0806,"Good"
"vegetable oil",169.9472,"Good"
"parmesan",203.4715,"Good"
"pears",222.0065,"Good"
"pet food",256.5345,"Good"
"sponge",272.417,"Good"
"litter",287.9649,"Good"
"marinade mix",0,"25"
"raisin load",20.45662,"Good"
"green tea latte drink",39.47746,"Good"
"liquid seasoning",58.16253,"Good"
"strawberry milk drink for adult",74.51758,"Good"
"tequila",93.53627,"Good"
"chayote",121.5482,"Good"
"radish",145.3007,"Good"
"red onion",165.8345,"Good"
"kiat-kiat",186.3679,"Good"
"dairy cream",203.903,"Good"
"broccoli",220.7727,"Good"
"korean condiments",248.3,"Good"
"macaroni cheese",264.1757,"Good"
"milk tea",282.4085,"Good"
"korean sauce",302.9887,"Good"
"salad dressing",317.8642,"Good"
"tea",332.7397,"Good"
"napkin",353.6562,"Good"
"liquid washing",381.2863,"Good"
"facial wash",403.2104,"Good"
"apple juice",0,"26"
"hazelnut with cocoa spread",27.79479,"Good"
"chocolate tablets",51.47765,"Good"
"palm oil",73.4949,"Good"
"dustbin",114.4975,"Good"
"thousand island dressing",0,"27"
"pineapple juice drink",24.79328,"Good"
"sotanghon",46.14352,"Good"
"soy sauce",65.49522,"Good"
"alugbate",105.8337,"Good"
"salt",134.8455,"Good"
"yogurt juice",160.3764,"Good"
"grind meat",189.2363,"Good"
"powdered detergent",225.0934,"Good"
"beauty soap",249.2902,"Good"
"floor cleaner",272.7439,"Good"
"brooms",286.948,"Good"
"candies",311.5571,"Good"
"apple cider",329.4532,"Good"
"cookies",346.6786,"Good"
"disinfectant",366.252,"Good"
"ramen",382.1346,"Good"
"dishwashing liquid and paste",400.0309,"Good"
"flakes",0,"28"
"sprite",25.12531,"Good"
"soya milk",44.81168,"Good"
"hazelnut with cocoa spread",61.16673,"Good"
"decaf coffee",76.18772,"Good"
"alugbate",106.533,"Good"
"chocolate tablets",0,"29"
"peanut butter",19.79096,"Good"
"chocolate cake sandwich",42.80747,"Good"
"sweet chili sauce",67.82257,"Good"
"shrimp",95.50401,"Good"
"dishwashing liquid",141.504,"Good"
"scrubs",157.04,"Good"
"junk food",0,"30"
"canned ham",27.12482,"Good"
"powdered milk drink",55.13861,"Good"
"vinegar",78.156,"Good"
"dustpan",117.4936,"Good"
"microwavable plastic containers",139.9346,"Good"
"detox powder",162.1333,"Good"
"pineapple",203.6535,"Good"
"pizza crust",230.1834,"Good"
"chicken cutlet",250.0502,"Good"
"bagoong",299.577,"Good"
"sweatened condensed milk",315.1237,"Good"
"canned beer",338.725,"Good"
"classic decaf coffee",366.69,"Good"
"quickcook oatmeal",388.9497,"Good"
"salad",0,"31"
"apples",15.12249,"Good"
"watermelon",31.81627,"Good"
"almond milk",61.49437,"Good"
"thick slice bread",81.18021,"Good"
"sweetened mango puree",104.1955,"Good"
"luncheon meat",121.8827,"Good"
"spaghetti pack",137.6671,"Good"
"choco pie",164.528,"Good"
"flakes",186.3952,"Good"
"plastic plates",218.2533,"Good"
"plastic spoon and fork",0,"32"
"cotton buds",16.78914,"Good"
"basil",65.45872,"Good"
"kimchi sauce",80.48041,"Good"
"green peas",136.8073,"Good"
"red wine",164.6682,"Good"
"sweet golden melon",0,"33"
"cumin",19.12499,"Good"
"celery powder",30.81654,"Good"
"sugarbeets",57.83036,"Good"
"cheese sticks",79.84621,"Good"
"bambooshoot",103.8621,"Good"
"oyster sauce",119.8837,"Good"
"chiffon choco",136.5134,"Good"
"hotcake mix",159.3785,"Good"
"cup noodles",176.2469,"Good"
"whole grain oat and wheat cereal",200.7778,"Good"
"canton",226.6396,"Good"
"palabok",242.8441,"Good"
"diaper",270.8347,"Good"
"banana",0,"34"
"salad area",14.78951,"Good"
"white pepper",38.48391,"Good"
"snacks",72.82468,"Good"
"ramen",89.51215,"Good"
"cheese cake",106.533,"Good"
"otap",136.2124,"Good"
"men shampoo",158.0783,"Good"
"baby cologne",177.6114,"Good"
"vitamins",190.1513,"Good"
"plastic cups",210.6664,"Good"
"bangus in olive oil",244.19,"Good"
"tropical fruit cocktail",265.017,"Good"
"powdered chocolate milk drink",286.9407,"Good"
"soy milk drink",305.8434,"Good"
"orange drink",326.0901,"Good"
"cola",347.0066,"Good"
"soy drink milk",368.2579,"Good"
"scrubs",0,"35"
"iced tea",30.46097,"Good"
"sparkling softdrinks",55.4751,"Good"
"no sugar pineapple drink",75.82657,"Good"
"meat",97.5112,"Good"
"candies",0,"36"
"mushrooms",17.78995,"Good"
"cookie mix",35.81351,"Good"
"macaroni",51.50063,"Good"
"honey",63.19276,"Good"
"gums",81.19403,"Good"
"ketchup",103.5447,"Good"
"powdered fruit flavored drinks",130.5582,"Good"
"brown coffee mix",153.0907,"Good"
"sardines",178.9528,"Good"
"litter",205.1499,"Good"
"hanger",0,"37"
"soap",20.12519,"Good"
"trash bags",36.81198,"Good"
"baby wipes",57.16323,"Good"
"air purifier",78.18213,"Good"
"instant coffee",110.5236,"Good"
"ketchup",130.8753,"Good"
"pork and beans",149.0784,"Good"
"powdered fruit flavored drinks",167.9457,"Good"
"lasagna",187.1453,"Good"
"bihon",205.3465,"Good"
"avocado",241.2041,"Good"
"korean condiments",265.138,"Good"
"pancake syrup",0,"38"
"bagoong",20.79156,"Good"
"lasagna",41.80838,"Good"
"men shampoo",81.14771,"Good"
"tissue",99.16755,"Good"
"banana chips",119.1861,"Good"
"pocky",0,"39"
"wafers",25.45895,"Good"
"cream",57.46963,"Good"
"royal",88.48063,"Good"
"sports drink citrus flavor",107.1661,"Good"
"fish balls",139.1767,"Good"
"garlic pack",160.044,"Good"
"dumpling fries",181.9097,"Good"
"all purpose cleaner",0,"40"
"apple juice drink",22.79107,"Good"
"mango juice drink",36.148,"Good"
"soy drink milk",55.49881,"Good"
"tropical fruit cocktail",77.18364,"Good"
"chocolate milk drink for adult",96.86876,"Good"
"chocolate cake sandwich",113.2236,"Good"
"odong",135.5724,"Good"
"ketchup",152.442,"Good"
"broccoli",191.9627,"Good"
"coconut",213.1616,"Good"
"ham",229.3657,"Good"
"ampalaya",251.5632,"Good"
"sugarbeets",266.3017,"Good"
"salad",277.1501,"Good"
"milk",312.8347,"Good"
"canned berries",358.6238,"Good"
"spaghetti sauce",394.2935,"Good"
"cream",0,"41"
"nutella",28.79199,"Good"
"cocoa powder",50.81157,"Good"
"green lemon",70.4959,"Good"
"fish",100.5074,"Good"
"crab sticks",118.528,"Good"
"dumpling fries",134.0535,"Good"
"soy milk drink oat flavor",165.2462,"Good"
"corn coffee",185.1131,"Good"
"blended juice drinks",208.6441,"Good"
"gin",228.8435,"Good"
"mixed fruit",250.3771,"Good"
"corned beef",0,"42"
"battery",29.7929,"Good"
"salsa",58.80644,"Good"
"milk tea",83.82103,"Good"
"special potato chips",106.1716,"Good"
"canned tuna",132.8531,"Good"
"banana chips",167.0422,"Good"
"whole grain oat and wheat cereal",193.2391,"Good"
"sugar free oatmeal",210.1081,"Good"
"toasted bread",233.6394,"Good"
"butter toasted bread",247.8441,"Good"
"margarita",276.7252,"Good"
"all purpose cream",290.9285,"Good"
"mocha latte",317.5517,"Good"
"white bread",334.1039,"Good"
"dairy cream",364.7567,"Good"
"burger patties",382.6521,"Good"
"toilet brush",431.0931,"Good"
"baby cologne",0,"43"
"guava",31.79431,"Good"
"sword pepper",51.81374,"Good"
"flakes",71.16444,"Good"
"corned beef",89.51891,"Good"
"dried kelp",106.5387,"Good"
"chocolate",122.8933,"Good"
"white coffee mix",148.0811,"Good"
"sausage",173.9431,"Good"
"ion supply juice drink",194.4772,"Good"
"grapes",0,"44"
"burdock",22.45874,"Good"
"parmesan",44.14379,"Good"
"apple green tea drink",79.15239,"Good"
"classic decaf coffee",98.17158,"Good"
"powdered milk drink for adult",117.5224,"Good"
"bottled water",138.3011,"Good"
"hotcake mix",160.4991,"Good"
"bihon",179.6996,"Good"
"sparkling wine",205.8964,"Good"
"wafer sticks",239.0886,"Good"
"sprite",0,"45"
"pepsi",15.12299,"Good"
"cay-cay",35.48093,"Good"
"tomato sauce",63.16037,"Good"
"avocado",95.83736,"Good"
"celery powder",115.8567,"Good"
"durian",138.2057,"Good"
"ham",160.0725,"Good"
"bell pepper",178.606,"Good"
"disinfectant",199.1396,"Good"
"salad area",0,"46"
"avocado",16.12347,"Good"
"white cheese",36.47865,"Good"
"kiwi",56.83031,"Good"
"paper cups",99.16738,"Good"
"pretzels",129.1792,"Good"
"cocoa powder",156.7086,"Good"
"flakes",173.5771,"Good"
"white coffee mix",201.4381,"Good"
"cola",222.6378,"Good"
"prune juice",240.1732,"Good"
"chinese steamed bun",257.7215,"Good"
"okra",0,"47"
"fish balls",21.45743,"Good"
"diaper",60.13136,"Good"
"sponge",75.81848,"Good"
"liquid detergent",90.50696,"Good"
"whitening lotion",113.1912,"Good"
"canned pineapple",141.5371,"Good"
"whiskey",159.0718,"Good"
"thousand island dressing",186.2679,"Good"
"mango drink concentrate",212.13,"Good"
"caramel flavored milk tea",232.9977,"Good"
"bread stick",259.5539,"Good"
"beancurd",283.4917,"Good"
"cheese cake",0,"48"
"choco pie",21.79257,"Good"
"ramen",43.47712,"Good"
"chicharon",69.82429,"Good"
"yogurt flavored drink with nata de coco",93.83883,"Good"
"ready made chocolate beverage",115.5239,"Good"
"trash bags",0,"49"
"cologne",22.79117,"Good"
"beancurd",58.13212,"Good"
"sliced bread",77.81754,"Good"
"tequila",105.4964,"Good"
"soy sauce",0,"50"
"seasoning mix",33.46059,"Good"
"sparkling water",60.47299,"Good"
"refreshment drink",100.1459,"Good"
"molo wrapper",128.1579,"Good"
"menstrual pads",180.0045,"Good"
"scrubs",201.871,"Good"
"powdered detergent",217.4061,"Good"
"wafers",242.6035,"Good"
"beans",264.5349,"Good"
"disinfectant",284.7806,"Good"
"napkin",300.6617,"Good"
"hair freshener",0,"51"
"sweatened thick creamer",31.79371,"Good"
"low sugar milk",56.80901,"Good"
"vodka",82.82336,"Good"
"root beer",109.1716,"Good"
"noodles",136.1845,"Good"
"bell pepper",181.7025,"Good"
"chicken cutlet",200.5698,"Good"
"onion",220.1029,"Good"
"piaya",260.6585,"Good"
"oatmeal",292.3166,"Good"
"massage oil",0,"52"
"caesar dressing",36.45764,"Good"
"jelly powder",60.14137,"Good"
"carbonara",71.83229,"Good"
"cheese block",94.499,"Good"
"olives",121.5113,"Good"
"celery powder",153.2547,"Good"
"tocino",171.4562,"Good"
"dried mangoes",0,"53"
"choco pie",23.79217,"Good"
"baby wash",51.13912,"Good"
"moisturizer",68.49323,"Good"
"pineapple",103.1678,"Good"
"basil",123.5186,"Good"
"cloves",153.4194,"Good"
"celery powder",169.2889,"Good"
"low fat milk",193.8201,"Good"
"soy milk drink",210.3549,"Good"
"red wine",233.5531,"Good"
"apple grape juice",251.754,"Good"
"chocolate milk drink",267.4726,"Good"
"milk cream",283.0199,"Good"
"pork and beans",299.2373,"Good"
"all purpose cream",316.7966,"Good"
"imported drinks",0,"54"
"ramen",13.45761,"Good"
"chicken cutlet",43.47906,"Good"
"sweet golden melon",65.16389,"Good"
"dairy cream",86.5138,"Good"
"pechay",104.8663,"Good"
"burger patties",129.8815,"Good"
"vanilla cake bar",163.4064,"Good"
"air freshener",199.9293,"Good"
"dustbin",227.125,"Good"
"baby powder",248.6576,"Good"
"green tea latte drink",0,"55"
"olive oil",21.125,"Good"
"beef loaf",40.80986,"Good"
"cup noodles",58.49598,"Good"
"paper tray",98.16641,"Good"
"cookie mix",131.8427,"Good"
"chorizo",164.3673,"Good"
"crab sticks",185.5668,"Good"
"cranberry juice",0,"56"
"quickcook oatmeal",17.12328,"Good"
"lasagna",38.14504,"Good"
"berry special granola",57.82946,"Good"
"butter toasted bread",78.18022,"Good"
"tomato sauce",99.86474,"Good"
"turmeric corn coffee",121.5485,"Good"
"green peas",145.9662,"Good"
"prune juice",172.8287,"Good"
"unagi",196.0274,"Good"
"salsa",218.8917,"Good"
"kimchi",235.0961,"Good"
"yogurt juice",257.3036,"Good"
"shampoo",274.1933,"Good"
"longganisa",296.1178,"Good"
"cayenne pepper",316.0277,"Good"
"lettuce",343.3216,"Good"
"cumin",370.2815,"Good"
"eggplant",387.8403,"Good"
"frozen bangus",407.4149,"Good"
"liquid washing",0,"57"
"baby wash",21.79136,"Good"
"fish balls",69.12572,"Good"
"frozen squid",84.14651,"Good"
"lumpia wrapper",104.4972,"Good"
"avocado",125.5164,"Good"
"fries",149.2411,"Good"
"tamarind",177.4352,"Good"
"black roast coffee",208.2945,"Good"
"hot sauce",237.1553,"Good"
"lychees",264.0785,"Good"
"sweatened thick creamer",279.2903,"Good"
"beef loaf",293.8305,"Good"
"soya milk",312.0622,"Good"
"rosquillos",346.0692,"Good"
"wafer sticks",377.3915,"Good"
"salad dressing",399.6522,"Good"
"curry sauce",420.9049,"Good"
"beancurd",431.7527,"Good"
"pechay",0,"58"
"cumin",26.45995,"Good"
"camote",46.14581,"Good"
"parmesan",63.83212,"Good"
"mamon",87.84706,"Good"
"cream cheese spread",104.5344,"Good"
"cheese spread",117.8915,"Good"
"quickmelt cheese",134.8031,"Good"
"spirit drink",161.6641,"Good"
"grapes drink",181.1985,"Good"
"odong",206.3956,"Good"
"cranberry juice",231.5926,"Good"
"macaroni cheese",252.7915,"Good"
"pocky",272.7245,"Good"
"beans",293.3061,"Good"
"potato strings",313.8873,"Good"
"massage oil",0,"59"
"litter",19.12449,"Good"
"caesar dressing",56.13326,"Good"
"rubbing alcohol",98.80305,"Good"
"bacon",141.473,"Good"
"cornflakes cereal",0,"60"
"wheat crd oat",17.78905,"Good"
"pineapple juice tea drink",42.14084,"Good"
"chocolate soy milk drink",60.49269,"Good"
"ready made chocolate beverage",77.18047,"Good"
"flavored beer",95.86643,"Good"
"milk",128.5428,"Good"
"kiwi",166.7307,"Good"
"papaya",186.5988,"Good"
"squash",209.1304,"Good"
"kimchi sauce",232.6617,"Good"
"potato",255.8593,"Good"
"hotdog",273.4181,"Good"
"pot holder",317.8315,"Good"
"canton",0,"61"
"corned beef",15.12239,"Good"
"apple grape juice",35.14862,"Good"
"brownies",57.16596,"Good"
"bread crumbs",75.1851,"Good"
"chicken flakes",94.20409,"Good"
"sports drink grapes flavor",113.2229,"Good"
"soya milk",129.5753,"Good"
"beer",151.4409,"Good"
"chocolate flavored oat mix",171.9751,"Good"
"pet food",197.5056,"Good"
"plastic plates",214.7081,"Good"
"q tips",230.5771,"Good"
"charcoal",267.855,"Good"
"general purpose cleaner",0,"62"
"massage oil",19.79176,"Good"
"tissue",35.81402,"Good"
"deodorant",53.50014,"Good"
"wine",76.51572,"Good"
"cookie mix",94.20275,"Good"
"flakes",113.2224,"Good"
"almond",135.9054,"Good"
"coffee",154.7713,"Good"
"macaroni cheese",171.3078,"Good"
"imported drinks",193.5066,"Good"
"fish balls",223.3672,"Good"
"bok choi",250.2293,"Good"
"coffee jelly",289.9969,"Good"
"orange drink",304.8716,"Good"
"olive oil",324.1118,"Good"
"margarita",347.3768,"Good"
"quickcook oatmeal",369.6364,"Good"
"brownies",389.2112,"Good"
"spaghetti pack",407.108,"Good"
"red onion",0,"63"
"okra",19.12499,"Good"
"bok choi",32.48275,"Good"
"mouth wash",65.49126,"Good"
"whitening soap",83.17788,"Good"
"paper tray",101.8639,"Good"
"fruit drink",126.5464,"Good"
"powdered fruit flavored drinks",148.3517,"Good"
"sports drink citrus flavor",166.5535,"Good"
"original instant coffee",0,"64"
"toasted bread",15.12329,"Good"
"oyster sauce",39.14531,"Good"
"polvoron",70.82265,"Good"
"litter",87.51033,"Good"
"fabric conditioner",104.5314,"Good"
"tissue",0,"65"
"hair freshener",16.45621,"Good"
"toilet brush",37.81173,"Good"
"green tea drink",80.48273,"Good"
"berry special granola",100.8334,"Good"
"cream roll",121.8525,"Good"
"pasta sauce",151.2901,"Good"
"pancake",167.8257,"Good"
"carbonated drinks",187.3599,"Good"
"multi grain drink mix",212.5567,"Good"
"dairy cream",244.7496,"Good"
"bread stick",281.9412,"Good"
"curry paste",307.2221,"Good"
"salsa",325.1189,"Good"
"noodles",0,"66"
"macaroni cheese",20.79096,"Good"
"beancurd",45.13985,"Good"
"cookie mix",69.82233,"Good"
"candies",95.50405,"Good"
"hot chili sauce",119.1863,"Good"
"facial tissue",152.417,"Good"
"facial wash",176.6139,"Good"
"rag",194.1489,"Good"
"ampalaya",239.9987,"Good"
"shrimp",263.9219,"Good"
"avocado",285.5109,"Good"
"sugar",308.4425,"Good"
"thick slice bread",330.7008,"Good"
"raisin load",343.2282,"Good"
"turmeric ginger powdered drink",362.4664,"Good"
"pineapple juice tea drink",385.7321,"Good"
"black roast coffee",411.3493,"Good"
"margarine",432.9374,"Good"
"cornflakes cereal",458.2178,"Good"
"grind meat",0,"67"
"durian",23.79237,"Good"
"yogurt milk drink",38.81419,"Good"
"strawberry jam",64.1621,"Good"
"junk food",87.84502,"Good"
"vanilla flavored oat mix",111.8595,"Good"
"cheddar spread",132.8788,"Good"
"brownies",152.7457,"Good"
"canned corn",176.2768,"Good"
"corn coffee",200.8076,"Good"
"macapuno",223.6711,"Good"
"brown coffee mix",249.8681,"Good"
"low calorie beer",270.5547,"Good"
"puto cheese",292.4789,"Good"
"canned mushroom",316.4171,"Good"
"powdered milk drink for adult",334.6491,"Good"
"plastic cups",361.9428,"Good"
"beauty soap",380.846,"Good"
"otap",0,"68"
"luncheon meat",20.79196,"Good"
"candies",41.14315,"Good"
"crackers",62.49397,"Good"
"burdock",94.1732,"Good"
"parmesan",116.1883,"Good"
"watermelon",138.5411,"Good"
"dragon fruit",159.4078,"Good"
"salad",182.2732,"Good"
"ready made chocolate beverage",214.1314,"Good"
"all-purpose flour",238.9945,"Good"
"powdered milk drink for adult",258.2121,"Good"
"body lotion",292.891,"Good"
"all purpose cleaner",313.1363,"Good"
"deodorant",335.0617,"Good"
"dustbin",351.2794,"Good"
"meat",0,"69"
"cabbage",30.7939,"Good"
"tocino",60.14074,"Good"
"batter mix",81.82417,"Good"
"hotcake mix",99.17628,"Good"
"baby cologne",129.8544,"Good"
"cotton buds",146.724,"Good"
"general purpose cleaner",166.2598,"Good"
"chips",189.4565,"Good"
"facial wash",0,"70"
"pantyliner",20.45622,"Good"
"scrubs",40.14269,"Good"
"cup noodles",76.81657,"Good"
"turmeric ginger powdered drink",102.8307,"Good"
"cheese sticks",132.5089,"Good"
"fruit juice",164.7024,"Good"
"microwavable plastic containers",0,"71"
"canned corn",26.79429,"Good"
"coffee jelly",42.14763,"Good"
"pork and beans",58.50319,"Good"
"corned beef",74.52353,"Good"
"pasta sauce",90.87628,"Good"
"almond milk",107.5641,"Good"
"liquor",137.5759,"Good"
"guava",161.1075,"Good"
"egg",184.3051,"Good"
"papaya",0,"72"
"crab sticks",24.12571,"Good"
"canned pineapple",56.46821,"Good"
"orange juice drink",73.4898,"Good"
"hazelnut with cocoa spread",93.84006,"Good"
"noodles",116.1903,"Good"
"evaporated creamer",135.2101,"Good"
"korean sauce",162.4052,"Good"
"macaroni cheese",179.2744,"Good"
"banana chips",206.4697,"Good"
"all purpose cleaner",223.0053,"Good"
"special potato chips",0,"73"
"pasta sauce",26.79099,"Good"
"soju",43.14708,"Good"
"instant coffee",62.83131,"Good"
"mushrooms",88.51324,"Good"
"dishwashing liquid and paste",106.5326,"Good"
"oatmeal",132.5457,"Good"
"baby wipes",165.7385,"Good"
"mouth wash",184.2725,"Good"
"rodent bait",212.134,"Good"
"brown rice",252.6547,"Good"
"beef tapa",279.6559,"Good"
"bottled water",314.6701,"Good"
"palabok",341.6299,"Good"
"sardines",357.8474,"Good"
"all-purpose flour",378.4281,"Good"
"gums",0,"74"
"cookie chips",16.12428,"Good"
"imported drinks",43.1414,"Good"
"cotton buds",60.82771,"Good"
"tropical fruit cocktail",91.50509,"Good"
"evaporated creamer",108.8582,"Good"
"milo",137.8713,"Good"
"ready made chocolate beverage",154.0751,"Good"
"coke",171.9429,"Good"
"bangus in olive oil",200.8034,"Good"
"sliced bread",232.6626,"Good"
"chocolate flavored milk tea",256.5318,"Good"
"root beer",278.119,"Good"
"chicken spread",304.0719,"Good"
"caramel latte mix",322.975,"Good"
"beef loaf",351.2761,"Good"
"brooms",379.5773,"Good"
"moisturizer",404.8576,"Good"
"microwavable plastic containers",423.7617,"Good"
"bok choi",464.8185,"Good"
"floor wax",0,"75"
"fruit juice",25.79308,"Good"
"instant noodles",53.13973,"Good"
"unagi",72.82446,"Good"
"misua",89.84514,"Good"
"tea",113.1939,"Good"
"salad dressing",129.5491,"Good"
"popcorn",156.0781,"Good"
"chicken flakes",194.265,"Good"
"cheese block",223.46,"Good"
"peach drink",251.9866,"Good"
"muffin",277.4043,"Good"
"fruits and nuts oats",301.0076,"Good"
"cheese spread",323.6028,"Good"
"fries",349.5536,"Good"
"kale",378.1922,"Good"
"beef tapa",0,"76"
"wafer sticks",25.45815,"Good"
"conditioner",45.80973,"Good"
"aluminum foil",74.82224,"Good"
"car sweetener",91.17739,"Good"
"soy drink milk",119.5231,"Good"
"pain relief oil",0,"77"
"beauty soap",16.12277,"Good"
"luncheon meat",45.13929,"Good"
"wheat rld oats",60.82711,"Good"
"fruits and nuts oats",77.84819,"Good"
"crab sticks",105.1949,"Good"
"sponge",0,"78"
"mountain dew",27.79259,"Good"
"chocolate flavored milk tea",44.81482,"Good"
"winter melon flavored milk tea",58.17122,"Good"
"orange juice drink",81.51963,"Good"
"otap",111.5318,"Good"
"sesame",143.2082,"Good"
"special potato chips",169.0711,"Good"
"chayote",203.2619,"Good"
"yogurt milk drink",221.4631,"Good"
"chorizo",252.9893,"Good"
"ham",264.1684,"Good"
"almond milk",0,"79"
"canola oil",19.45632,"Good"
"hotcake mix",38.80988,"Good"
"canned tomatoes",65.48997,"Good"
"apples",93.83743,"Good"
"pears",0,"80"
"frozen squid",33.79261,"Good"
"kiat-kiat",64.80341,"Good"
"pineapple slice",80.49082,"Good"
"watermelon",95.84693,"Good"
"salad area",114.5319,"Good"
"black pepper",139.5464,"Good"
"baby wash",180.3991,"Good"
"apple green tea drink",216.5884,"Good"
"sliced bread",240.786,"Good"
"olives",271.7655,"Good"
"powdered fruit flavored drinks",292.0122,"Good"
"bagoong",312.5922,"Good"
"pineapple juice drink",332.1668,"Good"
"classic decaf coffee",354.0919,"Good"
"fusilli",378.0311,"Good"
"dumpling fries",0,"81"
"corn grits",20.12429,"Good"
"frozen bangus",38.14474,"Good"
"kimchi",64.82362,"Good"
"blueberries",81.84491,"Good"
"celery powder",107.1927,"Good"
"moisturizer",143.5325,"Good"
"pet accessories",166.0652,"Good"
"plastic cups",183.268,"Good"
"air purifier",200.4701,"Good"
"hotcake mix",230.3293,"Good"
"powdered fruit flavored drinks",249.1977,"Good"
"caesar dressing",273.6712,"Good"
"pandesal",292.9108,"Good"
"original instant coffee",308.1214,"Good"
"sardines in olive oil",330.3798,"Good"
"cheese berry pie",358.6818,"Good"
"dishwashing liquid and paste",379.5992,"Good"
"ramen",397.4949,"Good"
"biscuits",418.4123,"Good"
"canned ham",437.3151,"Good"
"sesame oil",0,"82"
"piaya",26.45935,"Good"
"milk tea",55.13797,"Good"
"unagi",70.49408,"Good"
"coffee",88.51342,"Good"
"decaf coffee",114.5265,"Good"
"seasoning mix",130.5483,"Good"
"bagoong",152.7464,"Good"
"four season juice drink",173.614,"Good"
"hot sauce",195.4797,"Good"
"sparkling wine",221.3413,"Good"
"pechay",255.5319,"Good"
"kiat-kiat",268.0557,"Good"
"ginger",289.9788,"Good"
"egg",311.2328,"Good"
"grapes",335.1705,"Good"
"toilet brush",367.4994,"Good"
"dishwashing liquid",391.7722,"Good"
"molo wrapper",0,"83"
"kiwi",30.7925,"Good"
"canned beer",66.80168,"Good"
"beer",78.4923,"Good"
"cornflakes cereal",96.17812,"Good"
"spaghetti pack",119.1931,"Good"
"dustpan",160.7531,"Good"
"dishwashing liquid and paste",201.2733,"Good"
"cookie mix",224.8046,"Good"
"korean condiments",241.6735,"Good"
"wafer sticks",266.2823,"Good"
"floor wax",0,"84"
"menstrual pads",18.45702,"Good"
"facial tissue",35.81473,"Good"
"dustbin",60.16239,"Good"
"litter",85.84451,"Good"
"hanger",111.5238,"Good"
"battery",129.8766,"Good"
"beancurd",160.4033,"Good"
"curry",179.9378,"Good"
"whole grain oat and wheat cereal",205.1348,"Good"
"macapuno",232.6644,"Good"
"sports drink tropical fruit",252.8629,"Good"
"canned corn",273.7926,"Good"
"margarita",292.36,"Good"
"bottled water",313.278,"Good"
"tuna spread",339.5648,"Good"
"ham",356.7903,"Good"
"cumin",374.3496,"Good"
"chorizo",391.9102,"Good"
"potato",0,"85"
"celery",20.12429,"Good"
"fresh milk",36.14574,"Good"
"umami seasoning",62.4931,"Good"
"beef",81.8444,"Good"
"ready made chocolate beverage",108.1925,"Good"
"canola oil",130.542,"Good"
"vanilla flavored oat mix",151.741,"Good"
"strawberry milk drink for adult",169.942,"Good"
"grapes drink",188.811,"Good"
"milk cream",211.6744,"Good"
"macaroni",229.544,"Good"
"corn starch",246.413,"Good"
"vanilla cake bar",266.922,"Good"
"diaper",295.559,"Good"
"gums",317.4832,"Good"
"blueberry jam",334.3719,"Good"
"special snacks",351.5975,"Good"
"mushrooms",0,"86"
"plastic spoon and fork",30.12763,"Good"
"paper tray",41.81948,"Good"
"alugbate",82.82259,"Good"
"lettuce",94.51401,"Good"
"fish balls",122.1923,"Good"
"charcoal",142.996,"Good"
"bell pepper",158.8664,"Good"
"coke",185.7282,"Good"
"powdered milk drink for pregnant",205.5963,"Good"
"raisin load",229.1273,"Good"
"evaporated creamer",256.3252,"Good"
"pineapple juice drink",272.5434,"Good"
"soy milk drink",292.4532,"Good"
"green tea drink",309.342,"Good"
"marinade mix",325.224,"Good"
"margarine",344.1274,"Good"
"soy drink milk",363.0315,"Good"
"beef loaf",382.6054,"Good"
"palm oil",399.4952,"Good"
"chocolate tablets",419.742,"Good"
"pasta sauce",0,"87"
"sesame",15.78974,"Good"
"kitchen towel",45.80642,"Good"
"pet accessories",62.16137,"Good"
"sparkling water",83.8446,"Good"
"breakfast cereal",101.5307,"Good"
"soy milk drink strawberry flavor",118.2178,"Good"
"red wine",141.0484,"Good"
"vegetable oil",165.9109,"Good"
"bell pepper",194.4384,"Good"
"tocino",217.3034,"Good"
"body wash",0,"88"
"baby powder",19.12449,"Good"
"rag",36.81318,"Good"
"scrubs",60.4963,"Good"
"bleach",77.18257,"Good"
"cumin",108.5277,"Good"
"canned ham",130.5427,"Good"
"wine",153.4076,"Good"
"palm oil",185.2677,"Good"
"spaghetti pack",201.1373,"Good"
"soya milk",217.6728,"Good"
"green tea drink",233.8768,"Good"
"apple juice",255.7405,"Good"
"pork and beans",276.6569,"Good"
"cornflakes cereal",299.588,"Good"
"body lotion",0,"89"
"bathroom tissue",21.79206,"Good"
"burdock",58.13256,"Good"
"parmesan",80.81594,"Good"
"white cheese",95.83743,"Good"
"chicken sandwich",124.1837,"Good"
"shabu sauce",161.7964,"Good"
"disinfectant",180.6636,"Good"
"cleaner",196.5329,"Good"
"pasta sauce",218.0656,"Good"
"nori",243.9275,"Good"
"odong",286.2733,"Good"
"multi grain drink mix",314.9104,"Good"
"palabok",343.2113,"Good"
"canned mushroom",359.4298,"Good"
"wheat sesame",391.7591,"Good"
"soy milk drink strawberry flavor",413.3467,"Good"
"decaf coffee",430.9072,"Good"
"coffee jelly",453.5031,"Good"
"raisin load",482.1407,"Good"
"milk",0,"90"
"wine",18.45812,"Good"
"egg",52.13506,"Good"
"liquid washing",85.81078,"Good"
"massage oil",105.1621,"Good"
"car sweetener",123.1831,"Good"
"lime juice",150.7246,"Good"
"black roast coffee",173.5891,"Good"
"pork and beans",200.4517,"Good"
"chocolate flavored oat mix",223.65,"Good"
"green tea latte drink",237.8552,"Good"
"cup noodles",0,"91"
"sweetened rice cereal",29.46147,"Good"
"canned softdrink",52.14537,"Good"
"caramel latte mix",78.49254,"Good"
"hair styling wax",119.496,"Good"
"baby wipes",134.7633,"Good"
"juice drink",180.2786,"Good"
"thyme leaves",213.1378,"Good"
"garlic pack",225.6774,"Good"
"broccoli",260.2327,"Good"
"rosquillos",300.6166,"Good"
"rubbing alcohol",318.5128,"Good"
"corn chip",349.499,"Good"
"honey",376.794,"Good"
"donut",0,"92"
"seaweed",23.79177,"Good"
"chicharon",52.13817,"Good"
"special potato chips",78.48524,"Good"
"watermelon",106.1641,"Good"
"kiat-kiat",122.518,"Good"
"celery",136.3532,"Good"
"sweatened thick creamer",186.2003,"Good"
"pancake",207.3983,"Good"
"yogurt drink with mango",224.9336,"Good"
"ready made chocolate beverage",0,"93"
"sports drink tropical fruit",23.79307,"Good"
"green peas",46.47668,"Good"
"ion supply juice drink",70.82494,"Good"
"chocolate milk drink for adult",92.17564,"Good"
"caesar dressing",116.8585,"Good"
"milo",139.5835,"Good"
"creamy blend coffee",157.7856,"Good"
"lasagna",183.647,"Good"
"ginger",222.5028,"Good"
"squash",238.7056,"Good"
"white pepper",261.6132,"Good"
"parmesan",288.9065,"Good"
"baby wash",334.9973,"Good"
"air purifier",355.9154,"Good"
"napkin",394.2851,"Good"
"cookie mix",422.2511,"Good"
"coconut",0,"94"
"string beans",25.12591,"Good"
"beef ribeye",50.14165,"Good"
"muffin",81.48697,"Good"
"wheat rld oats",100.8376,"Good"
"hot sauce",130.5158,"Good"
"royal",157.0463,"Good"
"powdered milk drink for pregnant",176.9134,"Good"
"decaf coffee",196.4467,"Good"
"palabok",0,"95"
"canton",15.12409,"Good"
"palm oil",30.81755,"Good"
"canned tuna",45.84048,"Good"
"chayote",87.50952,"Good"
"taugi",116.1887,"Good"
"butter",133.876,"Good"
"sweet golden melon",156.4086,"Good"
"korean sauce",182.271,"Good"
"curry",207.4684,"Good"
"macaroni cheese",229.0013,"Good"
"fabric conditioner",262.9116,"Good"
"scrubs",277.1155,"Good"
"microwavable plastic containers",296.6893,"Good"
"detox powder",0,"96"
"deodorant",26.12502,"Good"
"toilet papers",46.47702,"Good"
"frozen bangus",93.81145,"Good"
"bell pepper",118.1594,"Good"
"garlic pack",142.6501,"Good"
"ginger",165.1832,"Good"
"blueberries",193.7118,"Good"
"jellies",226.5694,"Good"
"corned beef",243.7727,"Good"
"bottled water",265.3298,"Good"
"coke",280.8772,"Good"
"mocha latte",297.4309,"Good"
"roasted coffee",315.9968,"Good"
"tequila",342.2848,"Good"
"wheat sesame",0,"97"
"caramel flavored milk tea",22.1255,"Good"
"fruit drink",43.14383,"Good"
"diaper",70.15623,"Good"
"dustbin",93.83966,"Good"
"lettuce",128.8478,"Good"
"dairy cream",146.716,"Good"
"broccoli bowl",173.2457,"Good"
"toilet papers",0,"98"
"shampoo",16.45641,"Good"
"chocolate cake bar",48.80389,"Good"
"lime juice",68.82383,"Good"
"pepsi",84.51045,"Good"
"mocha latte",101.5316,"Good"
"sweet golden melon",120.217,"Good"
"disinfectant spray",137.8699,"Good"
"popcorn",0,"99"
"cotton buds",23.79268,"Good"
"blueberry jam",44.8112,"Good"
"banana chips",70.49223,"Good"
"sports drink tropical fruit",96.17346,"Good"
"sparkling wine",118.1906,"Good"
"cream cheese spread",143.0168,"Good"
"italian roast coffee",161.5504,"Good"
"seasoning granules",182.0838,"Good"
"raisin load",203.2829,"Good"
"chorizo",226.1492,"Good"
"kiat-kiat",257.3519,"Good"
"lettuce",269.8777,"Good"
"umami seasoning",300.8636,"Good"
"lumpia wrapper",323.7955,"Good"
"sponge",359.1456,"Good"
"fabric conditioner",371.6713,"Good"
"menstrual pads",391.2445,"Good"
"liquid soap",403.7715,"Good"
"fresh milk",0,"100"
"crab sticks",32.79395,"Good"
"squash",52.47947,"Good"
"mozzarella",70.83142,"Good"
"oranges",90.85126,"Good"
"garlic pack",120.8621,"Good"
"gouda",146.8942,"Good"
"pastry wrappers",169.7575,"Good"
"sweet chili sauce",198.6191,"Good"
"wafers",219.8183,"Good"
"potato strings",242.6849,"Good"
"tocino",0,"101"
"cheese",21.1259,"Good"
"guava",41.81041,"Good"
"disinfectant spray",60.83009,"Good"
"rosquillos",91.84029,"Good"
"ketchup",122.8512,"Good"
"snacks",145.3723,"Good"
"ready made chocolate beverage",173.2327,"Good"
"sardines",200.4288,"Good"
"beer",223.2924,"Good"
"air purifier",247.8245,"Good"
"cream",269.4728,"Good"
"trash bags",289.3833,"Good"
"fruits and nuts oats",0,"102"
"liquid seasoning",23.1238,"Good"
"chicken spread",46.80827,"Good"
"chocolate cake sandwich",66.15918,"Good"
"chocolate milk drink for adult",83.84631,"Good"
"powdered milk drink for pregnant",97.2032,"Good"
"dumpling fries",134.875,"Good"
"kiat-kiat",163.7365,"Good"
"salad area",184.6037,"Good"
"patty",203.803,"Good"
"papaya",227.3352,"Good"
"beef ribeye",252.8652,"Good"
"onion",270.1016,"Good"
"squash",288.6686,"Good"
"kitchen towel",326.3687,"Good"
"rag",347.623,"Good"
"piaya",370.8881,"Good"
"strawberry jam",401.2041,"Good"
"cocoa powder",424.1356,"Good"
"plastic spoon and fork",0,"103"
"disinfectant spray",34.45924,"Good"
"strawberry jam",56.14417,"Good"
"squid balls",90.48474,"Good"
"sword pepper",129.158,"Good"
"yansoy",143.3628,"Good"
"breakfast cereal",181.217,"Good"
"bread crumbs",206.7477,"Good"
"yogurt drink with mango",224.6158,"Good"
"strawberry milk drink for adult",241.4848,"Good"
"yogurt drink with strawberry",258.7082,"Good"
"pepsi",281.3025,"Good"
"chiffon choco",302.5562,"Good"
"turmeric ginger powdered drink",320.4514,"Good"
"roasted coffee",342.7123,"Good"
"powdered fruit flavored drinks",367.9919,"Good"
"cheese block",395.2867,"Good"
"powdered milk drink for pregnant",417.5462,"Good"
"pineapple juice drink",435.1071,"Good"
"cup noodles",458.0394,"Good"
"coriander",0,"104"
"ginger",24.12511,"Good"
"tacchino",42.81252,"Good"
"chili powder",70.82516,"Good"
"coconut",90.8446,"Good"
"roasted garlic",120.5214,"Good"
"pickled mango",155.855,"Good"
"sampalok mix",203.0375,"Good"
"vanilla cake bar",224.5696,"Good"
"strawberry milk drink for adult",246.7679,"Good"
"odong",270.248,"Good"
"wafers",301.5696,"Good"
"fusilli",322.4867,"Good"
"bambooshoot",344.0745,"Good"
"dragon fruit",0,"105"
"beef ribeye",21.79167,"Good"
"chili powder",43.47612,"Good"
"pechay",72.48802,"Good"
"fruit juice",104.1672,"Good"
"baby powder",134.8454,"Good"
"detox powder",159.0417,"Good"
"dustbin",186.5715,"Good"
"pancake",227.0908,"Good"
"cream roll",253.9525,"Good"
"wheat crd oat",269.0203,"Good"
"low fat milk",290.2745,"Good"
"cranberry juice",0,"106"
"sausage",25.79418,"Good"
"bambooshoot",60.80312,"Good"
"dried kelp",78.82296,"Good"
"charcoal",105.8357,"Good"
"banana",123.5222,"Good"
"cleaner",0,"107"
"canned ham",18.45632,"Good"
"beans",33.81503,"Good"
"sweet chili sauce",50.83492,"Good"
"sack of rice",74.84936,"Good"
"pain relief oil",112.5232,"Good"
"butter toasted bread",144.5332,"Good"
"peach drink",163.4012,"Good"
"aluminum foil",0,"108"
"q tips",16.45551,"Good"
"crackers",43.47392,"Good"
"sesame",67.48905,"Good"
"cookie sticks",86.50945,"Good"
"dried mangoes",112.8564,"Good"
"lumpia wrapper",146.1978,"Good"
"puto cheese",176.7242,"Good"
"whole grain oats",196.5928,"Good"
"canned pineapple",222.123,"Good"
"light gin",237.9906,"Good"
"batter mix",260.8943,"Good"
"yogurt drink with mango",276.1046,"Good"
"aluminum foil",0,"109"
"fabric conditioner",18.45672,"Good"
"whitening lotion",41.47532,"Good"
"baby wash",58.16309,"Good"
"diaper",75.84961,"Good"
"pain relief oil",92.53677,"Good"
"dried fish",131.2098,"Good"
"bok choi",159.4043,"Good"
"dishwashing liquid and paste",185.2667,"Good"
"iced tea",209.7984,"Good"
"skimmed milk",237.6591,"Good"
"orange drink",256.1955,"Good"
"sausage",271.7433,"Good"
"thick slice bread",296.0154,"Good"
"yogurt drink with mixed fruits",315.5895,"Good"
"pineapple drink",333.8227,"Good"
"sparkling softdrinks",351.7182,"Good"
"massage oil",0,"110"
"air purifier",18.12408,"Good"
"rodent bait",32.81417,"Good"
"floor cleaner",49.50165,"Good"
"mixed vegetable and soya",71.8512,"Good"
"canned softdrink",104.8616,"Good"
"meat sauce",123.8805,"Good"
"tuna mayo spread",141.8147,"Good"
"chocolate milk drink for adult",159.3506,"Good"
"broccoli",196.873,"Good"
"cumin",225.7337,"Good"
"mozzarella",251.5963,"Good"
"water",266.6666,"Good"
"cheese berry pie",296.9811,"Good"
"cleaner",319.9126,"Good"
"unagi",338.1447,"Good"
"battery",359.732,"Good"
"pineapple drink",0,"111"
"quekiam",25.12491,"Good"
"iced tea",56.47087,"Good"
"blueberry jam",72.49121,"Good"
"baby wash",100.5037,"Good"
"squash",0,"112"
"garlic pack",20.45753,"Good"
"avocado",42.1428,"Good"
"potato",57.82981,"Good"
"ion supply juice drink",89.84077,"Good"
"sardines in olive oil",112.5244,"Good"
"powder",149.5294,"Good"
"coffee",175.3926,"Good"
"cleaner",200.9236,"Good"
"paper tray",236.1124,"Good"
"mixed vegetable and soya",256.9878,"Good"
"aluminum foil",277.9045,"Good"
"men shampoo",0,"113"
"dishwashing liquid",27.45916,"Good"
"baby powder",50.8085,"Good"
"trash bags",70.49392,"Good"
"liver spread",105.1689,"Good"
"sugar free oatmeal",129.8519,"Good"
"tikoy",152.7171,"Good"
"mango juice drink",184.5764,"Good"
"sports drink tropical fruit",203.1107,"Good"
"brownies",225.643,"Good"
"yogurt drink with strawberry",244.1774,"Good"
"lychees",271.383,"Good"
"frozen bangus",314.4522,"Good"
"black pepper",336.0412,"Good"
"cloves",348.5679,"Good"
"gouda",376.5334,"Good"
"grapes",396.4432,"Good"
"rosquillos",434.8132,"Good"
"popcorn",465.4657,"Good"
"mushrooms",492.0883,"Good"
"luncheon meat",0,"114"
"rosquillos",30.45877,"Good"
"chicken flakes",67.13419,"Good"
"mocha latte",99.47855,"Good"
"lime juice",122.1613,"Good"
"italian roast coffee",148.6246,"Good"
"beef loaf",178.819,"Good"
"caesar dressing",208.345,"Good"
"powdered juice drink",238.206,"Good"
"macapuno",257.4167,"Good"
"wheat rld oats",285.719,"Good"
"cigarette",328.7886,"Good"
"dustbin",342.9935,"Good"
"cloves",393.4484,"Good"
"pizza crust",414.0291,"Good"
"moisturizer",0,"115"
"plastic spoon and fork",22.45814,"Good"
"soap",38.81212,"Good"
"powdered chocolate milk drink",69.48981,"Good"
"sotanghon",97.50306,"Good"
"caesar dressing",129.1799,"Good"
"canned mushroom",159.0407,"Good"
"coke",186.2367,"Good"
"eggplant",211.7674,"Good"
"tacchino",232.2999,"Good"
"egg",259.8565,"Good"
"coriander",292.187,"Good"
"dishwashing liquid",0,"116"
"cigarette",26.79379,"Good"
"wafers",53.80672,"Good"
"tuna spread",81.48765,"Good"
"sweetened mango puree",109.1675,"Good"
"quickcook oatmeal",130.5169,"Good"
"bangus in olive oil",159.7118,"Good"
"mountain dew",185.9072,"Good"
"carbonated drinks",202.1106,"Good"
"breakfast cereal",221.9775,"Good"
"cumin",244.8411,"Good"
"dragon fruit",266.5826,"Good"
"cloves",287.4992,"Good"
"sweetened mango puree",0,"117"
"turmeric ginger powdered drink",19.79016,"Good"
"strawberry milk drink for adult",39.14259,"Good"
"sports drink lime flavor",54.4986,"Good"
"canned mushroom",73.84921,"Good"
"red wine",94.8684,"Good"
"ketchup",118.8824,"Good"
"low sugar milk",139.1003,"Good"
"sesame",160.2984,"Good"
"fish",189.8253,"Good"
"thyme leaves",210.693,"Good"
"longganisa",232.5588,"Good"
"pears",254.4244,"Good"
"cologne",283.5227,"Good"
"skewers",301.4184,"Good"
"q tips",315.959,"Good"
"hanger",333.8543,"Good"
"pocky",0,"118"
"cheese cake",17.45621,"Good"
"blueberry jam",38.47886,"Good"
"luncheon meat",54.83302,"Good"
"korean condiments",70.85326,"Good"
"dried kelp",93.20282,"Good"
"powdered milk drink for pregnant",123.8805,"Good"
"basil",143.483,"Good"
"butter toasted bread",165.0151,"Good"
"tuna spread",186.214,"Good"
"canned beer",212.0769,"Good"
"cornflakes cereal",229.6123,"Good"
"burdock",252.4786,"Good"
"pickled mango",277.8266,"Good"
"bathroom tissue",318.8807,"Good"
"vitamins",335.7707,"Good"
"body cream",351.9892,"Good"
"aluminum foil",372.2355,"Good"
"men shampoo",392.1448,"Good"
"rodent bait",414.7399,"Good"
"italian roast coffee",0,"119"
"powdered fruit flavored drinks",21.79187,"Good"
"green tea drink",39.1447,"Good"
"skimmed milk",54.16739,"Good"
"macaroni",70.18863,"Good"
"multi grain drink mix",89.54064,"Good"
"white pepper",110.2258,"Good"
"rigatoni",132.5752,"Good"
"strawberry jam",149.1111,"Good"
"soap and body wash",178.3062,"Good"
"pet shampoo",0,"120"
"menstrual pads",18.78955,"Good"
"body wash",37.4774,"Good"
"durian",69.48785,"Good"
"lumpia wrapper",89.17277,"Good"
"kimchi",102.5294,"Good"
"cajun seasoning",132.2063,"Good"
"beef loaf",162.0672,"Good"
"lime juice",182.6005,"Good"
"bagoong",205.4665,"Good"
"pepsi",231.3279,"Good"
"chocolate milk drink",249.8632,"Good"
"all purpose cream",272.2282,"Good"
"milo",296.501,"Good"
"sparkling wine",0,"121"
"tocino mix",26.45955,"Good"
"powdered chocolate milk drink",48.80964,"Good"
"green peas",74.15816,"Good"
"kiwi",118.8256,"Good"
"cleaner",141.7032,"Good"
"baby wash",176.8923,"Good"
"air freshener",197.4261,"Good"
"black pepper",0,"122"
"carbonated drink",31.79461,"Good"
"molo wrapper",58.14287,"Good"
"chayote",80.49233,"Good"
"brown rice",102.8423,"Good"
"macaroni",128.8562,"Good"
"floor cleaner",161.7152,"Good"
"curry",200.5705,"Good"
"cleaner",222.1029,"Good"
"turmeric corn coffee",0,"123"
"canton",26.12622,"Good"
"macaroni",44.47932,"Good"
"spirit drink",67.49761,"Good"
"mocha latte",91.84538,"Good"
"disinfectant",108.8663,"Good"
"whitening soap",144.8741,"Good"
"pet shampoo",167.4059,"Good"
"hot pepper",213.9208,"Good"
"salad",230.1253,"Good"
"broccoli",245.9943,"Good"
"air freshener",0,"124"
"bathroom tissue",17.45581,"Good"
"men shampoo",38.47656,"Good"
"spray",61.16094,"Good"
"cinnamon",97.83423,"Good"
"powdered milk drink for pregnant",116.8538,"Good"
"vegetable oil",138.2453,"Good"
"pasta",157.4457,"Good"
"mocha latte",183.6425,"Good"
"fruits and nuts oats",200.5117,"Good"
"chocolate soy milk drink",217.047,"Good"
"yogurt drink with mixed fruits",233.5822,"Good"
"yogurt juice",266.521,"Good"
"squash",284.417,"Good"
"kimchi",307.3486,"Good"
"roasted garlic",337.3272,"Good"
"special snacks",374.3566,"Good"
"otap",401.3157,"Good"
"crackers",424.5807,"Good"
"wax paper",0,"125"
"litter",17.12308,"Good"
"kitchen towel",34.14693,"Good"
"breakfast cereal",62.82481,"Good"
"caesar dressing",84.84366,"Good"
"pepsi",109.8572,"Good"
"sports drink citrus flavor",127.5442,"Good"
"pineapple slice",165.0663,"Good"
"otap",200.9232,"Good"
"korean sauce",229.7839,"Good"
"seaweed",245.9874,"Good"
"local snacks",0,"126"
"spaghetti",27.12672,"Good"
"canned carrots",42.81507,"Good"
"coffee mix",63.16634,"Good"
"chocolate flavored oat mix",84.85097,"Good"
"vegetable oil",103.2023,"Good"
"sparkling water",128.2174,"Good"
"white cheese",164.0752,"Good"
"beef",192.9353,"Good"
"mango juice drink",0,"127"
"cream roll",27.45996,"Good"
"japanese rich drink",49.47823,"Good"
"icecream",74.49153,"Good"
"cabbage",101.8391,"Good"
"baby wash",137.1795,"Good"
"korean condiments",168.3731,"Good"
"whitening soap",0,"128"
"shave",16.45801,"Good"
"bleach",38.47926,"Good"
"cigarette",63.15874,"Good"
"air purifier",89.50711,"Good"
"watermelon",128.1798,"Good"
"bacon",152.0427,"Good"
"fusilli",183.9026,"Good"
"cheese cake",208.0998,"Good"
"quickcook oatmeal",235.9614,"Good"
"sports drink grapes flavor",257.5061,"Good"
"bangus in olive oil",279.4303,"Good"
"sardines in olive oil",291.9563,"Good"
"canned softdrink",312.5379,"Good"
"egg",0,"129"
"cucumber",24.12361,"Good"
"icecream",47.14254,"Good"
"chicharon",74.48866,"Good"
"cabbage",86.18017,"Good"
"carbonated drink",102.5328,"Good"
"pineapple juice tea drink",147.8684,"Good"
"mocha latte",174.7295,"Good"
"all-purpose flour",204.924,"Good"
"green tea latte drink",228.7893,"Good"
"bihon",257.3274,"Good"
"strawberry milk drink for adult",278.5782,"Good"
"mosquito net",324.333,"Good"
"hair freshener",347.2655,"Good"
"skewers",0,"130"
"green tea drink",33.79261,"Good"
"raisin load",57.47593,"Good"
"all purpose cream",87.48717,"Good"
"seasoning mix",109.8369,"Good"
"corned beef",131.1875,"Good"
"powdered milk drink",154.7196,"Good"
"salted black beans",180.5814,"Good"
"bread stick",214.1061,"Good"
"rosquillos",241.9677,"Good"
"string beans",281.6837,"Good"
"grapes",299.9157,"Good"
"cleaner",0,"131"
"piaya",31.79411,"Good"
"peanuts",56.47739,"Good"
"kiat-kiat",90.81796,"Good"
"string beans",106.5059,"Good"
"yogurt milk drink",124.1926,"Good"
"hair styling wax",166.4682,"Good"
"slippers",183.3383,"Good"
"brooms",210.8676,"Good"
"wheat sesame",244.391,"Good"
"macapuno",274.2513,"Good"
"wheat crd oat",303.5597,"Good"
"turmeric ginger powdered drink",320.4485,"Good"
"apple juice drink",344.3873,"Good"
"sports drink citrus flavor",359.9343,"Good"
"beef loaf",377.1589,"Good"
"local snacks",0,"132"
"spaghetti",28.45946,"Good"
"nori",54.47324,"Good"
"biscuits",70.16137,"Good"
"curry paste",90.18102,"Good"
"otap",122.5245,"Good"
"shampoo",159.008,"Good"
"fusilli",184.2056,"Good"
"butter",220.0626,"Good"
"dried fish",249.5883,"Good"
"white bread",278.0354,"Good"
"quickcook oatmeal",298.6163,"Good"
"pork and beans",324.9035,"Good"
"fruits and nuts oats",351.1914,"Good"
"chicken flakes",378.8227,"Good"
"peanut butter",411.8223,"Good"
"cinnamon",432.0692,"Good"
"puto cheese",448.9574,"Good"
"butter toasted bread",463.1618,"Good"
"slippers",512.2733,"Good"
"liquid detergent",544.9742,"Good"
"peanuts",0,"133"
"piaya",22.45713,"Good"
"cheese block",55.13365,"Good"
"cay-cay",72.82027,"Good"
"milo",89.50723,"Good"
"green tea drink",110.8579,"Good"
"soy drink milk",127.2134,"Good"
"chicken flakes",148.4019,"Good"
"lumpia wrapper",186.2562,"Good"
"broccoli",208.1237,"Good"
"chayote",230.3213,"Good"
"charcoal",247.1909,"Good"
"lettuce",266.916,"Good"
"grapes",283.8056,"Good"
"microwavable plastic containers",315.4645,"Good"
"baby wipes",333.3596,"Good"
"mosquito net",349.2419,"Good"
"rag",0,"134"
"liquid washing",27.79449,"Good"
"sugar",62.46941,"Good"
"burger patties",84.48755,"Good"
"cucumber",104.5057,"Good"
"canned tuna",143.1777,"Good"
"canned softdrink",164.3764,"Good"
"chocolate tablets",187.5748,"Good"
"bottled water",207.1089,"Good"
"wine",234.6384,"Good"
"shabu sauce",255.5047,"Good"
"potato chips",277.0884,"Good"
"margarine",0,"135"
"soya milk",19.79016,"Good"
"original instant coffee",36.14443,"Good"
"cheese block",53.16612,"Good"
"milo",76.84875,"Good"
"bihon",108.191,"Good"
"yogurt drink with mixed fruits",130.5413,"Good"
"bangus in olive oil",155.7384,"Good"
"carbonated drinks",181.2691,"Good"
"canned ham",202.8013,"Good"
"sesame oil",222.0011,"Good"
"sword pepper",249.8628,"Good"
"quekiam",286.3252,"Good"
"cauliflower",322.0111,"Good"
"butter",338.5643,"Good"
"parmesan",352.4331,"Good"
"shave",394.1615,"Good"
"paper plates",415.4149,"Good"
"baby cologne",433.9809,"Good"
"mouth wash",453.2212,"Good"
"mangosteen",0,"136"
"cumin",21.79147,"Good"
"cloves",36.81378,"Good"
"pet accessories",68.15639,"Good"
"baby wash",86.84317,"Good"
"honey",115.8554,"Good"
"rigatoni",129.2122,"Good"
"pancake",156.4064,"Good"
"carbonara",172.2769,"Good"
"bagoong",191.8106,"Good"
"sardines",207.6806,"Good"
"sports drink",0,"137"
"taugi",15.12379,"Good"
"egg",41.14481,"Good"
"dustbin",81.15137,"Good"
"dishwashing liquid",105.1653,"Good"
"general purpose cleaner",120.1876,"Good"
"shampoo",144.1688,"Good"
"cotton buds",164.3676,"Good"
"toothpaste",183.9023,"Good"
"plastic spoon and fork",205.1014,"Good"
"turmeric corn coffee",236.6271,"Good"
"pandesal",253.1633,"Good"
"hopia",270.0216,"Good"
"cup noodles",294.6318,"Good"
"salted black beans",313.1983,"Good"
"roasted coffee",336.4648,"Good"
