dumpling fries,0,1
chicken cutlet,57.90509,Good
cheese,120.4423,Good
brushes,196.423,Good
toothbrush,245.2678,Good
kitchen towel,302.5844,Good
hot sauce,373.7888,Good
yogurt drink with mixed fruits,415.02,Good
canned pineapple,470.3184,Good
carbonated drinks,524.8959,Good
whole grain oats,595.506,Good
pancake syrup,656.9166,Good
peanut butter,733.5896,Good
meat sauce,809.2852,Good
creamy white coffee,871.1534,Good
corn coffee,930.8833,Good
fusilli,987.9044,Good
bambooshoot,1035.094,Good
bambooshoot,1083.847,Good
frozen bangus,0,2
sugarbeets,78.94412,Good
chayote,130.9659,Good
toothpaste,206.0198,Good
olives,292.9875,Good
pancake,336.2729,Good
no sugar pineapple drink,382.6025,Good
sausage,446.5377,Good
hot sauce,501.8686,Good
wine,592.6084,Good
cheese berry pie,654.049,Good
bbq sauce,714.3488,Good
cookies,765.3829,Good
tamarind,0,3
vinegar,48.48351,Good
misua,101.447,Good
plastic plates,168.6917,Good
scrubs,215.683,Good
facial wash,264.3957,Good
microwavable plastic containers,315.6228,Good
chocolate flavored oat mix,371.748,Good
cream roll,415.9598,Good
hot sauce,477.1155,Good
cookies,0,4
toothpaste,61.31331,Good
cheese berry pie,124.7444,Good
bbq sauce,189.0768,Good
chayote,258.1742,Good
frozen bangus,312.9759,Good
sugarbeets,381.5436,Good
parmesan,436.2128,Good
no sugar pineapple drink,507.4284,Good
hot sauce,569.6576,Good
olives,626.8214,Good
sausage,692.8232,Good
pancake,740.4364,Good
basil,0,5
ham,61.58047,Good
low calorie beer,139.7023,Good
original instant coffee,208.2705,Good
blended juice drinks,266.778,Good
cheese block,315.8878,Good
berry special granola,371.2188,Good
pepsi,425.4908,Good
bagoong,495.25,Good
chicken flakes,541.2893,Good
napkin,618.1252,Good
paper tray,0,6
litter,60.51143,Good
pet food,115.7431,Good
molo wrapper,199.1358,Good
tocino,239.9731,Good
icecream,299.0027,Good
jellies,366.3795,Good
macaroni,423.7615,Good
powder,485.7115,Good
banana chips,554.2532,Good
cheese berry pie,623.9614,Good
liver spread,690.9528,Good
coconut oil,751.1103,Good
pepsi,816.3995,Good
pepsi,893.0931,Good
pork and beans,0,7
chocolate flavored oat mix,43.87206,Good
pasta sauce,109.1832,Good
vanilla cake bar,176.7393,Good
gin,233.3941,Good
ion supply juice drink,294.1515,Good
dairy cream,368.6769,Good
salt,422.2206,Good
beef,465.6386,Good
nutella,542.6855,Good
jellies,592.5084,Good
donut,661.645,Good
facial wash,0,8
moisturizer,38.32654,Good
beef tapa,104.2272,Good
hot pepper,161.5438,Good
basil leaves,233.2886,Good
umami seasoning,0,9
egg,49.2854,Good
pasta sauce,95.62299,Good
canned tuna,157.4404,Good
lychees,227.7292,Good
sandwich spread,282.3984,Good
canned softdrink,347.5246,Good
apple cider,0,10
pocky,45.14258,Good
macaroni cheese,96.41724,Good
milk for kids,154.1309,Good
litter,211.8446,Good
mouth wash,266.7784,Good
pet food,319.8591,Good
facial wash,384.1914,Good
canned corn,464.2096,Good
skimmed milk,533.8057,Good
milo,594.2482,Good
cheese block,667.5204,Good
yogurt drink with mixed fruits,724.6843,Good
pastry wrappers,781.9904,Good
pastry wrappers,843.7159,Good
frozen squid,0,11
nutella,51.4239,Good
sesame oil,110.8459,Good
milk tea,154.2535,Good
spaghetti,216.8648,Good
macaroni,259.091,Good
odong,315.6133,Good
hotcake mix,0,12
carbonated drinks,58.35891,Good
unagi,109.9044,Good
conditioner,160.7349,Good
cookie sticks,218.8457,Good
soju,0,13
puto cheese,47.41486,Good
bagoong,106.345,Good
fruits and nuts oats,161.1467,Good
cabbage,217.4377,Good
ponkan,269.2766,Good
tomato,310.6824,Good
fish balls,354.3261,Good
sampalok mix,0,14
sparkling water,65.71045,Good
rubbing alcohol,134.4504,Good
fruit drink,193.7526,Good
beancurd,253.1869,Good
pineapple slice,297.3987,Good
broccoli bowl,363.4516,Good
local snacks,0,15
cleaner,228.8361,stuck hit!
spaghetti sauce,288.1474,Good
corned beef,329.8039,Good
quickmelt cheese,378.7999,Good
jelly powder,432.1599,Good
q tips,512.108,Good
beauty soap,576.124,Good
hotdog,658.7957,Good
ponkan,704.2264,Good
margarine,0,16
cheddar spread,49.83855,Good
cornflakes cereal,104.3252,Good
green tea latte drink,161.057,Good
cumin,210.7806,Good
paper cups,286.8199,Good
slippers,345.4695,Good
special potato chips,400.8131,Good
rice stick,467.0347,Good
curry sauce,506.0164,Good
polvoron,563.2587,Good
powdered juice drink,0,17
caramel flavored milk tea,51.30694,Good
creamy white coffee,100.4901,Good
white bread,138.9727,Good
cay-cay,184.5302,Good
sports drink lime flavor,250.1888,Good
tequila,298.5234,Good
grapes drink,349.532,Good
hair styling wax,415.9821,Good
lumpia wrapper,497.1249,Good
ginger,558.5616,Good
onion,620.9998,Good
beef,685.7186,Good
sugarbeets,0,18
okra,41.96147,Good
brown rice,105.2512,Good
butter,183.1421,Good
lychees,270.2899,Good
orange drink,321.5999,Good
coffee jelly,363.3889,Good
toasted bread,435.1964,Good
sweatened thick creamer,495.367,Good
vinegar,552.1931,Good
royal,607.0228,Good
canned tuna,680.4378,Good
broth cube,733.274,Good
almond,981.1169,stuck hit!
mouth wash,1051.33,Good
air freshener,1115.417,Good
pet food,1159.363,Good
paper plates,0,19
mushrooms,61.72107,Good
pretzels,124.4259,Good
bread stick,186.7781,Good
special snacks,237.2289,Good
olives,0,20
sparkling wine,49.41878,Good
yogurt juice,119.6064,Good
mangosteen,161.2026,Good
kimchi,214.7729,Good
mozzarella,256.3373,Good
white cheese,302.4606,Good
powdered detergent,361.028,Good
battery,434.0261,Good
chicken spread,0,21
pineapple drink,58.78388,Good
soya milk,100.8209,Good
bathroom tissue,178.1889,Good
soap and body wash,0,22
guava,70.47238,Good
dairy cream,131.4103,Good
lime juice,193.8232,Good
pasta sauce,236.0494,Good
gums,297.4693,Good
unagi,351.5208,Good
seaweed,397.2767,Good
palm oil,0,23
powdered juice drink,63.5904,Good
toasted bread,125.2856,Good
umami seasoning,172.2979,Good
body cream,0,24
baby wash,47.90273,Good
lasagna,105.7138,Good
tea,150.4778,Good
margarita,226.716,Good
tomato sauce,293.2339,Good
vodka,361.3391,Good
hazelnut with cocoa spread,408.616,Good
ion supply juice drink,478.9691,Good
cornflakes cereal,534.1774,Good
avocado,595.9858,Good
parmesan,662.4935,Good
green apples,729.4998,Good
mangosteen,798.9272,Good
tomato,853.9711,Good
tomato,911.1507,Good
insect killer,0,25
white cheese,76.28961,Good
thyme leaves,145.8492,Good
sparkling water,209.1274,Good
marshmallows,260.4375,Good
marshmallows,331.7165,Good
whole grain oats,0,26
margarine,57.74487,Good
hopia,104.134,Good
kale,166.7453,Good
oranges,209.5007,Good
crab sticks,263.7728,Good
water,322.81,Good
dishwashing liquid,401.3055,Good
conditioner,449.2235,Good
sponge,485.6254,Good
beauty soap,0,27
cotton buds,47.1469,Good
strawberry jam,123.1659,Good
donut,194.2461,Good
dried mangoes,243.5067,Good
nori,305.0655,Good
seaweed,363.7813,Good
patty,444.7139,Good
kale,502.2396,Good
okra,765.5974,stuck hit!
string beans,819.5021,Good
margarine,900.1803,Good
cola,962.7005,Good
sampalok mix,1015.679,Good
seasoning granules,1053.489,Good
moisturizer,0,28
vegetable oil,71.72723,Good
seasoning mix,123.1036,Good
marshmallows,185.3237,Good
peanuts,429.4129,stuck hit!
ramen,470.1442,Good
tomato,540.7668,Good
durian,608.4139,Good
bread crumbs,0,29
imported drinks,70.93378,Good
dried mangoes,142.7416,Good
grind meat,207.6726,Good
lumpia wrapper,264.7357,Good
ham,321.4016,Good
oranges,382.6961,Good
facial tissue,451.396,Good
skewers,507.401,Good
dishwashing liquid,561.8377,Good
prune juice,0,30
oyster sauce,57.03631,Good
soy sauce,109.5216,Good
pineapple juice tea drink,153.3363,Good
white bread,220.7127,Good
corned beef,282.6468,Good
chiffon choco,338.2427,Good
sweetened rice cereal,399.7396,Good
mandarin oranges,456.7364,Good
ginger,531.0273,Good
toothbrush,608.4297,Good
baby wash,665.1826,Good
fabric conditioner,722.0772,Good
pain relief oil,790.7216,Good
shabu sauce,863.282,Good
pocky,923.0965,Good
fruit juice,974.0811,Good
fruit juice,1049.816,Good
okra,0,31
milk for kids,78.2074,Good
yogurt flavored drink with nata de coco,143.8291,Good
cup noodles,191.2381,Good
toasted bread,242.4502,Good
muffin,297.2174,Good
palm oil,348.9242,Good
tocino mix,386.7455,Good
powder,445.5276,Good
pretzels,489.3661,Good
chips,546.3714,Good
canton,0,32
apple green tea drink,59.91862,Good
yogurt drink with strawberry,112.7224,Good
mayonnaise,160.6603,Good
tabasco sauce,212.3012,Good
quickmelt cheese,263.4792,Good
massage oil,324.377,Good
all purpose cleaner,367.5542,Good
fabric conditioner,416.4839,Good
bbq sauce,488.289,Good
strawberry jam,546.9076,Good
canned ham,610.9138,Good
pretzels,673.4946,Good
ginger,731.5134,Good
cumin,789.3898,Good
beef siomai frozen,855.6771,Good
beef siomai frozen,917.8303,Good
toothbrush,0,33
tissue,56.5144,Good
special potato chips,110.0778,Good
soy sauce,174.2816,Good
wafer sticks,225.5916,Good
yogurt juice,285.9606,Good
zucchini,341.4447,Good
ginger,394.4103,Good
pineapple,438.5135,Good
camote,495.1794,Good
sandwich spread,549.997,Good
vodka,628.8953,Good
sports drink citrus flavor,694.9757,Good
beer,754.1493,Good
tikoy,811.258,Good
yogurt juice,0,34
root beer,58.97414,Good
instant noodles,124.1486,Good
hazelnut with cocoa spread,170.7427,Good
carbonated drinks,220.9114,Good
no sugar pineapple drink,268.2999,Good
odong,332.8968,Good
tissue,391.0076,Good
kitchen towel,450.3094,Good
bambooshoot,529.5276,Good
piaya,589.6852,Good
luncheon meat,0,35
wine,69.41351,Good
tissue,126.4655,Good
local snacks,181.9285,Good
kitchen towel,231.1704,Good
toilet brush,294.7085,Good
spray,356.5255,Good
floor wax,392.6628,Good
brown coffee mix,460.9659,Good
prune juice,500.9419,Good
creamy white coffee,565.9508,Good
caramel latte mix,628.674,Good
sparkling softdrinks,691.2548,Good
pancake,733.9491,Good
corn coffee,802.6597,Good
vegetable oil,857.9705,Good
strawberry milk drink for adult,923.8301,Good
strawberry milk drink for adult,998.2427,Good
mango drink concentrate,0,36
powdered fruit flavored drinks,249.0966,stuck hit!
coke,306.6794,Good
macaroni,356.3089,Good
sausage,412.8308,Good
multi grain drink mix,470.5441,Good
canned tuna,526.7292,Good
quickmelt cheese,588.882,Good
mouth wash,665.362,Good
dried kelp,739.6323,Good
beans,792.3767,Good
corn chip,851.8925,Good
apple juice drink,0,37
mixed fruit,49.67753,Good
vinegar,111.5584,Good
sparkling water,176.1553,Good
lasagna,233.1406,Good
mamon,296.8108,Good
toasted bread,358.2227,Good
italian roast coffee,408.9207,Good
white bread,464.9122,Good
creamy blend coffee,523.0168,Good
potato,586.5244,Good
sugar,655.8759,Good
soap and body wash,742.4774,Good
conditioner,808.756,Good
toothpaste,861.5009,Good
baby powder,917.3817,Good
nori,986.3772,Good
curry paste,1032.074,Good
curry paste,1081.683,Good
lasagna,0,38
yogurt drink with mixed fruits,55.55751,Good
soy milk drink,110.3067,Good
white coffee mix,172.6534,Good
bell pepper,223.0851,Good
alugbate,273.115,Good
molo wrapper,342.8646,Good
mushrooms,0,39
noodles,51.35821,Good
potato strings,104.8894,Good
general purpose cleaner,171.0018,Good
french beans,259.4838,Good
cup noodles,332.2878,Good
green peas,388.9998,Good
cinnamon,446.3084,Good
vodka,495.4757,Good
dairy cream,0,40
basil,39.39599,Good
burdock,111.4997,Good
fries,162.0544,Good
kiwi,226.3113,Good
nutella,275.347,Good
noodles,326.3099,Good
jellies,384.6155,Good
cream roll,440.6879,Good
apple green tea drink,504.3648,Good
corn starch,565.944,Good
sparkling softdrinks,623.3394,Good
milo,677.8846,Good
korean condiments,0,41
fresh milk,68.88785,Good
pickled mango,125.818,Good
taugi,177.3308,Good
camote,229.0789,Good
whitening soap,309.1387,Good
brown coffee mix,0,42
soy sauce,52.17492,Good
soy milk drink strawberry flavor,109.4371,Good
liquid soap,171.2541,Good
shave,236.1307,Good
hair conditioner,281.622,Good
potato strings,349.2662,Good
rice stick,402.0311,Good
rosquillos,468.9544,Good
red onion,540.6245,Good
red onion,618.8819,Good
chayote,0,43
basil,48.38418,Good
butter toasted bread,123.4527,Good
vegetable oil,166.1673,Good
bottled water,227.9907,Good
sports drink citrus flavor,0,44
chocolate flavored milk tea,51.91457,Good
yogurt drink with mango,98.51276,Good
soya milk,347.7404,stuck hit!
marinade mix,399.1005,Good
palm oil,460.1233,Good
pancake syrup,513.6854,Good
canned mushroom,567.2334,Good
tocino mix,634.3127,Good
pancake,684.9435,Good
iced tea,765.8379,Good
disinfectant spray,839.1832,Good
carbonated drink,898.1458,Good
cream cheese spread,0,45
basil,73.11578,Good
corn coffee,141.1611,Good
milo,190.0289,Good
pasta,251.9872,Good
cay-cay,324.1255,Good
massage oil,398.0511,Good
conditioner,442.8172,Good
floor cleaner,491.0875,Good
yogurt juice,556.3429,Good
cookie mix,609.7508,Good
oatmeal,664.7959,Good
dumpling fries,737.0005,Good
seaweed,0,46
soy sauce,45.93646,Good
oyster sauce,105.0703,Good
lasagna,155.5369,Good
powdered fruit flavored drinks,224.2471,Good
tacchino,0,47
dried fish,67.10059,Good
squash,113.1211,Good
basil,166.8131,Good
plastic plates,237.5721,Good
spray,290.932,Good
soap,343.8965,Good
flavored beer,405.2085,Good
wheat rld oats,459.7015,Good
chicken spread,510.2202,Good
royal,573.3887,Good
white coffee mix,626.7975,Good
cream cheese spread,680.4882,Good
carbonated drinks,733.3954,Good
cakewich,797.0602,Good
cheese cake,842.3483,Good
donut,906.9333,Good
diaper,0,48
guava,55.05362,Good
umami seasoning,110.365,Good
shrimp,177.478,Good
no sugar pineapple drink,244.4386,Good
sparkling wine,293.5243,Good
quickcook oatmeal,353.7889,Good
mocha latte,416.5057,Good
apple grape juice,479.63,Good
blended juice drinks,529.8122,Good
rice stick,600.462,Good
pocky,659.9954,Good
beef loaf,0,49
cranberry juice,63.12978,Good
general purpose cleaner,108.3651,Good
eggplant,175.8419,Good
basil,0,50
broth cube,81.3844,Good
japanese rich drink,125.4213,Good
lime juice,177.9898,Good
prune juice,225.6646,Good
classic decaf coffee,269.3048,Good
detox powder,335.1617,Good
crackers,0,51
flakes,65.97467,Good
misua,119.6683,Good
seasoning granules,195.38,Good
bell pepper,262.6274,Good
sword pepper,325.9076,Good
potato,385.3506,Good
sports drink,442.8763,Good
soap,0,52
sweet chili sauce,52.42566,Good
chocolate,119.8468,Good
chorizo,180.7589,Good
refreshment drink,241.9872,Good
celery powder,296.0086,Good
apples,345.1367,Good
broccoli bowl,418.0026,Good
lumpia wrapper,465.1601,Good
patty,521.4023,Good
coffee jelly,599.8395,Good
pineapple drink,645.9283,Good
whole grain oats,719.0583,Good
baby wipes,797.8138,Good
hanger,842.3188,Good
brushes,918.962,Good
bleach,979.5472,Good
aluminum tray,1035.994,Good
soap,0,53
alugbate,73.04636,Good
dragon fruit,129.8305,Good
tamarind,196.085,Good
brown rice,257.7695,Good
corn chip,320.1162,Good
cookie mix,383.3234,Good
banana chips,445.67,Good
canned tuna,498.2211,Good
otap,566.44,Good
skimmed milk,643.2781,Good
creamy blend coffee,712.6821,Good
apple green tea drink,766.5582,Good
black roast coffee,815.8817,Good
mandarin oranges,876.4451,Good
breakfast cereal,947.0714,Good
breakfast cereal,1006.802,Good
oyster sauce,0,54
marshmallows,60.51143,Good
macaroni,119.9024,Good
special snacks,179.009,Good
refreshment drink,245.5816,Good
avocado,302.6911,Good
marinade mix,382.8925,Good
spirit drink,440.3404,Good
spaghetti pack,496.9222,Good
red wine,569.0129,Good
red wine,650.2682,Good
macaroni,0,55
mayonnaise,52.89349,Good
muffin,100.5206,Good
tocino,162.8673,Good
shrimp,224.0226,Good
cloves,283.7215,Good
soap,0,56
dishwashing liquid and paste,44.2734,Good
margarine,94.23285,Good
yogurt drink with mixed fruits,164.0487,Good
vanilla cake bar,218.5196,Good
black roast coffee,279.1452,Good
canton,342.4754,Good
flavored beer,399.7142,Good
mandarin oranges,464.4984,Good
whole grain oat and wheat cereal,532.3116,Good
cream,597.8682,Good
vitamins,648.4546,Good
spray,0,57
ponkan,84.94821,Good
cayenne pepper,147.7579,Good
special potato chips,225.0624,Good
chocolate,264.2441,Good
soy sauce,319.0458,Good
sesame oil,377.2768,Good
oatmeal,433.9273,Good
flavored beer,496.1343,Good
meat sauce,560.4872,Good
tuna mayo spread,617.4297,Good
mixed fruit,676.8746,Good
butter toasted bread,747.9371,Good
coffee mix,789.6334,Good
red onion,0,58
baby wipes,66.1044,Good
floor cleaner,113.0961,Good
vanilla flavored oat mix,167.3682,Good
whole grain oat and wheat cereal,216.933,Good
gums,0,59
hot chili sauce,60.10327,Good
tamarind,104.6168,Good
dried kelp,173.1775,Good
salad dressing,216.3959,Good
apple green tea drink,274.3087,Good
powdered milk drink for pregnant,325.5363,Good
chocolate milk drink,370.1452,Good
chocolate milk drink for adult,420.5782,Good
cornflakes cereal,471.3423,Good
sampalok mix,523.7393,Good
turmeric corn coffee,575.4865,Good
sandwich spread,620.6041,Good
wheat rld oats,666.2925,Good
cloves,726.236,Good
hotdog,1024.248,stuck hit!
pet food,1101.411,Good
milk for kids,1150.531,Good
milk for kids,1206.675,Good
yogurt milk drink,0,60
longganisa,66.63403,Good
camote,119.516,Good
molo wrapper,187.0177,Good
watermelon,248.8935,Good
beef tapa,306.0775,Good
roasted garlic,372.1305,Good
egg,420.446,Good
milk,494.5736,Good
korean condiments,535.4288,Good
soju,573.9181,Good
local snacks,652.6074,Good
skimmed milk,721.1757,Good
sardines,794.163,Good
sports drink lime flavor,847.7628,Good
quickcook oatmeal,897.5844,Good
toilet brush,974.9202,Good
liquid washing,1039.109,Good
apples,1113.024,Good
peanuts,0,61
almond,44.33068,Good
bagoong,108.519,Good
bread crumbs,158.0145,Good
whiskey,208.2491,Good
cup noodles,262.5215,Good
sweatened thick creamer,326.8447,Good
quickcook oatmeal,372.0495,Good
chinese steamed bun,412.8864,Good
all-purpose flour,464.1024,Good
red onion,527.7764,Good
eggplant,583.7046,Good
broccoli bowl,638.2216,Good
yogurt milk drink,703.4318,Good
macapuno,0,62
sprite,66.94626,Good
sugar free oatmeal,328.4165,stuck hit!
decaf coffee,387.7778,Good
bagoong,452.6394,Good
sweetened mango puree,505.3892,Good
flavored beer,557.4807,Good
vanilla cake bar,608.9365,Good
powdered milk drink,657.8232,Good
curry,735.3723,Good
pineapple juice drink,0,63
carbonara,48.48351,Good
soy milk drink oat flavor,101.8282,Good
canton,163.2386,Good
yogurt drink with mixed fruits,229.822,Good
puto cheese,286.2554,Good
vinegar,334.1735,Good
cotton buds,405.5211,Good
powdered detergent,443.7761,Good
piaya,500.2988,Good
women cologne,568.9561,Good
hair freshener,625.6213,Good
black pepper,687.8988,Good
taugi,756.2531,Good
cabbage,0,64
cookie chips,73.44824,Good
nutella,129.6155,Good
conditioner,193.4031,Good
pocky,255.5831,Good
facial wash,320.5649,Good
liquid washing,386.2108,Good
powdered milk drink for adult,458.8168,Good
marinade mix,506.2057,Good
black roast coffee,574.9486,Good
bread crumbs,631.4703,Good
korean sauce,0,65
root beer,67.55087,Good
radish,114.543,Good
molo wrapper,171.0629,Good
pineapple slice,233.3969,Good
lumpia wrapper,276.4173,Good
unsweetened chocolate drink,320.0333,Good
cheese block,373.9745,Good
quickmelt cheese,429.768,Good
palabok,488.9234,Good
bottled water,558.7718,Good
soy milk drink,617.2109,Good
seasoning granules,660.1009,Good
q tips,744.8392,Good
aluminum tray,796.8713,Good
bleach,852.3868,Good
cologne,901.5676,Good
rag,942.5516,Good
rag,1009.694,Good
roasted garlic,0,66
canned berries,60.97205,Good
ramen,105.667,Good
citrus drink,157.4912,Good
batter mix,205.7306,Good
rejuvenating serum,287.2623,Good
tabasco sauce,0,67
canola oil,58.30643,Good
meat loaf,105.617,Good
multi grain drink mix,171.5378,Good
white bread,231.7437,Good
okra,284.1623,Good
ponkan,347.2369,Good
onion,404.0243,Good
molo wrapper,453.6633,Good
cheese berry pie,519.4169,Good
pet accessories,587.058,Good
dustbin,660.473,Good
litter,715.9167,Good
litter,793.0167,Good
fruit juice,0,68
corned beef,38.5937,Good
oyster sauce,97.86331,Good
shabu sauce,141.6042,Good
toothbrush,186.648,Good
pocky,229.328,Good
pineapple juice tea drink,285.1212,Good
brownies,334.0334,Good
chiffon choco,389.9602,Good
mandarin oranges,442.2467,Good
prune juice,500.6884,Good
sweetened rice cereal,542.1558,Good
white bread,608.5857,Good
pain relief oil,691.9085,Good
fabric conditioner,738.3809,Good
baby wash,786.4213,Good
ginger,868.8089,Good
chocolate flavored milk tea,0,69
flavored beer,69.67853,Good
cheese block,138.8347,Good
peanut butter,198.3356,Good
chocolate tablets,239.7672,Good
caesar dressing,304.8941,Good
orange juice drink,355.6559,Good
jelly powder,412.644,Good
pizza crust,485.183,Good
sack of rice,531.0145,Good
nutella,607.4975,Good
wine,677.6338,Good
cocoa powder,748.8305,Good
choco pie,806.4224,Good
seaweed,878.4826,Good
cookie chips,938.3552,Good
milk cream,0,70
wheat crd oat,51.48278,Good
lime juice,109.5728,Good
iced tea,176.817,Good
strawberry jam,229.0376,Good
beans,288.869,Good
durian,343.5374,Good
liquid seasoning,0,71
cranberry juice,66.36069,Good
canned tuna,113.2865,Good
sports drink lime flavor,169.2792,Good
blended juice drinks,210.3716,Good
luncheon meat,258.29,Good
raisin load,318.1214,Good
garlic pack,383.7776,Good
beef,441.9539,Good
parmesan,496.9543,Good
sesame,559.5182,Good
gums,620.3888,Good
almond milk,0,72
pasta,50.22107,Good
apple juice drink,94.96124,Good
green tea latte drink,154.9252,Good
pandesal,217.669,Good
pickled mango,289.5463,Good
cheese sticks,357.1877,Good
black pepper,413.6422,Good
camote,472.4818,Good
burger patties,534.8729,Good
carbonated drink,590.5401,Good
salsa,673.2139,Good
tea,737.2833,Good
choco pie,791.5162,Good
tissue,855.3801,Good
air freshener,941.6249,Good
corn chip,0,73
powdered milk drink,48.61729,Good
beancurd,92.44598,Good
milk tea,133.9438,Good
corned beef,177.6926,Good
pet accessories,236.8627,Good
microwavable plastic containers,295.7666,Good
dishwashing liquid,349.6423,Good
kiwi,426.4168,Good
refreshment drink,483.1212,Good
thick slice bread,551.392,Good
bread crumbs,609.767,Good
brown coffee mix,668.7133,Good
winter melon flavored milk tea,0,74
cay-cay,52.62673,Good
cream roll,89.20313,Good
pasta,147.7773,Good
instant noodles,191.2603,Good
hazelnut with cocoa spread,239.4438,Good
soy milk drink strawberry flavor,305.3642,Good
fruits and nuts oats,354.2094,Good
broth cube,416.2915,Good
canned softdrink,473.4752,Good
soy drink milk,541.5038,Good
sardines,590.3995,Good
bbq sauce,658.3975,Good
lumpia wrapper,734.9382,Good
banana,797.6515,Good
spray,884.2462,Good
aluminum tray,938.3436,Good
aluminum tray,1013.257,Good
squash,0,75
pechay,51.55768,Good
sword pepper,98.46912,Good
special snacks,144.5313,Good
macaroni,200.2593,Good
beancurd,257.049,Good
toothbrush,300.5329,Good
conditioner,341.8327,Good
cologne,415.431,Good
strawberry milk drink for adult,496.8385,Good
soy milk drink strawberry flavor,543.4281,Good
lychees,613.7054,Good
blended juice drinks,681.6294,Good
margarine,743.0644,Good
orange drink,810.4919,Good
royal,861.2411,Good
royal,943.9218,Good
marinade mix,0,76
coconut oil,43.47192,Good
roasted coffee,106.6747,Good
toasted bread,152.8658,Good
rejuvenating serum,236.2593,Good
spray,292.0457,Good
conditioner,353.1938,Good
cloves,423.8131,Good
ponkan,476.6883,Good
roasted garlic,539.4034,Good
lumpia wrapper,599.8331,Good
kale,660.7691,Good
cookie chips,736.8834,Good
fruit juice,793.6102,Good
canned tomatoes,845.2775,Good
crackers,0,77
kimchi,46.67947,Good
banana chips,118.4503,Good
q tips,171.9286,Good
toilet papers,221.1705,Good
plastic plates,257.7048,Good
bell pepper,322.103,Good
chili powder,382.6553,Good
molo wrapper,428.7202,Good
sports drink,486.6327,Good
yogurt flavored drink with nata de coco,571.4247,Good
japanese rich drink,637.8512,Good
coke,701.4938,Good
chocolate cake sandwich,775.5406,Good
chicken flakes,826.2881,Good
salted black beans,886.9455,Good
pepsi,956.0128,Good
puto cheese,1006.967,Good
puto cheese,1078.735,Good
liquid washing,0,78
lasagna,51.35701,Good
canned mushroom,92.77646,Good
sparkling softdrinks,136.9891,Good
butter toasted bread,200.7917,Good
palabok,256.321,Good
blended juice drinks,318.9232,Good
vanilla flavored oat mix,370.7463,Good
ampalaya,434.9461,Good
hot pepper,754.1818,stuck hit!
meat,829.5933,Good
mushrooms,904.4323,Good
napkin,969.2955,Good
napkin,1016.409,Good
toothpaste,0,79
jelly powder,68.22214,Good
lettuce,139.8348,Good
sweet golden melon,188.415,Good
burdock,231.9647,Good
celery,286.9556,Good
longganisa,347.5809,Good
squid balls,397.6092,Good
squid balls,485.7023,Good
lasagna,0,80
marinade mix,55.09888,Good
wheat rld oats,100.8515,Good
original instant coffee,158.168,Good
hopia,200.9239,Good
corn coffee,260.226,Good
light gin,323.2345,Good
milk cream,364.7989,Good
shrimp,444.3537,Good
yogurt juice,491.7425,Good
egg,553.327,Good
curry,628.6663,Good
conditioner,673.428,Good
soap,719.4719,Good
hot chili sauce,778.6322,Good
banana chips,851.6909,Good
body cream,906.7163,Good
facial tissue,976.9949,Good
facial tissue,1058.672,Good
cigarette,0,81
dishwashing liquid,67.82541,Good
trash bags,122.3411,Good
japanese rich drink,199.4222,Good
vodka,244.7576,Good
sports drink grapes flavor,298.5679,Good
coconut oil,355.1481,Good
apple juice,430.8447,Good
sports drink tropical fruit,494.0344,Good
cabbage,565.3454,Good
mandarin oranges,0,82
bleach,66.56778,Good
aluminum tray,127.0609,Good
shave,190.334,Good
cookies,243.3488,Good
chayote,296.4954,Good
papaya,357.386,Good
ginger,401.7304,Good
cheese berry pie,0,83
insect killer,54.16322,Good
chocolate soy milk drink,121.8987,Good
apple flavored drink,184.4438,Good
vegetable oil,225.7436,Good
orange drink,264.131,Good
evaporated creamer,321.0505,Good
chocolate milk drink,360.2322,Good
apple flavored drink,0,84
pasta,52.35917,Good
powdered fruit flavored drinks,112.1689,Good
chocolate tablets,179.0165,Good
apple grape juice,242.5542,Good
cloves,299.7386,Good
kimchi,373.7336,Good
salsa,444.0228,Good
wafers,495.1179,Good
tissue,557.3978,Good
mixed vegetable and soya,650.913,Good
women cologne,697.0286,Good
rodent bait,755.0478,Good
rodent bait,841.3553,Good
lasagna,0,85
napkin,56.50239,Good
liquid washing,135.7314,Good
dustpan,192.7834,Good
butter toasted bread,268.6315,Good
blended juice drinks,332.3021,Good
palabok,398.4875,Good
canned mushroom,442.3022,Good
vanilla flavored oat mix,498.4274,Good
sparkling softdrinks,553.6918,Good
meat,621.5471,Good
ampalaya,693.1086,Good
hot pepper,962.6766,stuck hit!
soap,0,86
cornflakes cereal,51.82444,Good
bangus in olive oil,112.1689,Good
coffee mix,162.4702,Good
italian roast coffee,203.9021,Good
green lemon,273.5291,Good
white pepper,328.8601,Good
papaya,390.6771,Good
yogurt flavored drink with nata de coco,0,87
muffin,60.44493,Good
palm oil,113.0961,Good
cup noodles,174.516,Good
tocino mix,220.7135,Good
toasted bread,272.6028,Good
pretzels,343.9508,Good
powder,394.9796,Good
chips,453.6824,Good
okra,500.6114,Good
frozen squid,571.2252,Good
soap,0,88
conditioner,61.78235,Good
facial tissue,102.044,Good
original instant coffee,168.9571,Good
marinade mix,219.3245,Good
wheat rld oats,268.1693,Good
corn coffee,320.8529,Good
lasagna,371.9484,Good
milk cream,416.8219,Good
hopia,467.2552,Good
instant noodles,533.9496,Good
light gin,597.3854,Good
hot chili sauce,650.8429,Good
yogurt juice,707.7217,Good
curry,756.7602,Good
banana chips,814.6367,Good
shrimp,890.19,Good
egg,938.9431,Good
ponkan,0,89
hotdog,65.17764,Good
brownies,126.0683,Good
mocha latte,181.3322,Good
olives,237.5165,Good
grapes drink,293.5092,Good
rodent bait,337.9856,Good
women cologne,393.317,Good
facial wash,443.8824,Good
unagi,493.2981,Good
apple cider,559.2589,Good
special potato chips,609.7931,Good
cocoa powder,676.793,Good
crab sticks,0,90
sugarbeets,55.42533,Good
coriander,338.5656,stuck hit!
sponge,418.7163,Good
shampoo,459.0231,Good
whole grain oats,512.3882,Good
salted black beans,569.9007,Good
tikoy,650.2204,Good
ready made chocolate beverage,710.6548,Good
white coffee mix,767.2226,Good
apple flavored drink,0,91
soya oil,48.21635,Good
puto cheese,97.60861,Good
lettuce,163.3307,Good
green lemon,202.049,Good
beef,258.0421,Good
sugarbeets,333.361,Good
wine,405.5029,Good
fusilli,451.8328,Good
peanuts,517.1978,Good
bathroom tissue,582.3451,Good
mosquito net,640.9342,Good
deodorant,682.4172,Good
wax paper,743.0729,Good
skewers,803.3723,Good
skewers,894.2514,Good
slippers,0,92
air purifier,65.90564,Good
misua,125.6049,Good
pears,177.9576,Good
canola oil,0,93
tuna mayo spread,59.96909,Good
thousand island dressing,115.0738,Good
sliced bread,175.6999,Good
powdered milk drink,236.2498,Good
toilet papers,296.5985,Good
air purifier,354.2392,Good
women cologne,422.1262,Good
molo wrapper,510.1531,Good
burger patties,560.4748,Good
dumpling fries,605.9492,Good
kimchi,664.396,Good
okra,0,94
burdock,46.07785,Good
alugbate,97.4761,Good
chips,142.2176,Good
lasagna,206.2852,Good
honey,259.2985,Good
salsa,305.4301,Good
instant noodles,359.7029,Good
canned tomatoes,422.9101,Good
dried mangoes,470.8282,Good
cola,542.6441,Good
sandwich spread,607.791,Good
red wine,668.3758,Good
japanese rich drink,733.095,Good
yogurt drink with mango,776.2853,Good
baby powder,858.5003,Good
car sweetener,923.916,Good
diaper,972.3105,Good
diaper,1054.277,Good
pocky,0,95
ramen,46.61258,Good
soy sauce,105.1536,Good
cucumber,150.2922,Good
potato,209.2631,Good
beef siomai frozen,260.5569,Good
pineapple juice tea drink,318.4031,Good
breakfast cereal,360.2322,Good
apple juice drink,412.6511,Good
lasagna,0,96
macapuno,49.88662,Good
bread stick,98.46832,Good
strawberry jam,164.7192,Good
marshmallows,228.9202,Good
white cheese,299.4561,Good
ginger,349.2,Good
ham,409.9419,Good
egg,450.4974,Good
dumpling fries,491.854,Good
garlic pack,545.5071,Good
radish,620.3401,Good
tomato,680.4822,Good
watermelon,0,97
sweatened thick creamer,68.13327,Good
chinese steamed bun,141.1738,Good
curry paste,192.9306,Good
pain relief oil,270.0193,Good
tomato,0,98
meat,67.1474,Good
brushes,147.4306,Good
pot holder,212.2834,Good
roasted garlic,0,99
garlic pack,67.28625,Good
basil,135.0602,Good
citrus drink,210.3053,Good
mayonnaise,273.5113,Good
low fat milk,342.4544,Good
macaroni,383.3567,Good
seasoning granules,424.4371,Good
plastic cups,495.9098,Good
q tips,545.4131,Good
plastic plates,600.8662,Good
spray,652.24,Good
bleach,709.8315,Good
dishwashing liquid and paste,788.0128,Good
seaweed,843.8223,Good
potato chips,917.7179,Good
potato chips,979.2994,Good
pasta sauce,0,100
tocino,71.39676,Good
plastic cups,146.3781,Good
wheat crd oat,204.3667,Good
powdered milk drink for adult,268.7688,Good
cay-cay,323.6494,Good
cay-cay,379.9186,Good
chili powder,0,101
seasoning granules,55.37926,Good
sliced bread,120.7895,Good
corn starch,189.2251,Good
dried mangoes,273.0007,Good
toothbrush,351.1562,Good
coffee,402.9951,Good
milk,457.8099,Good
banana chips,525.9883,Good
potato,0,102
sugar,57.64914,Good
cloves,110.0778,Good
toothpaste,181.4227,Good
litter,241.0641,Good
facial wash,302.4907,Good
conditioner,365.5047,Good
vinegar,437.5768,Good
cranberry juice,501.0533,Good
apple grape juice,547.0657,Good
cheddar spread,613.4315,Good
berry special granola,670.5398,Good
all-purpose flour,722.7352,Good
japanese rich drink,769.7322,Good
soy milk drink oat flavor,819.72,Good
lasagna,866.2894,Good
canned mushroom,932.7975,Good
canned ham,985.7761,Good
canned ham,1054.53,Good
biscuits,0,103
iced tea,65.24747,Good
liquor,106.3089,Good
instant coffee,156.495,Good
tocino,217.7233,Good
yogurt milk drink,274.8522,Good
okra,328.4764,Good
trash bags,400.8131,Good
mocha latte,476.6545,Good
unsweetened chocolate drink,536.5981,Good
carbonara,586.515,Good
butter toasted bread,650.1743,Good
tamarind,0,104
camote,46.14514,Good
crab sticks,104.0305,Good
vinegar,174.6426,Good
lasagna,223.4866,Good
powder,274.6487,Good
blueberry jam,338.3038,Good
cookies,387.6687,Good
liquid seasoning,451.0707,Good
sotanghon,500.4412,Good
cologne,581.0907,Good
margarita,0,105
peach drink,66.30316,Good
korean condiments,119.6473,Good
wine,185.8878,Good
bacon,259.621,Good
lemon,307.2745,Good
cajun seasoning,372.136,Good
aluminum foil,437.1963,Good
instant noodles,0,106
mayonnaise,64.84677,Good
tequila,136.1837,Good
cheese spread,189.794,Good
low calorie beer,246.1838,Good
fruit drink,299.9925,Good
potato chips,368.627,Good
tamarind,418.1335,Good
dishwashing liquid and paste,475.6488,Good
soap,540.2802,Good
kimchi,595.0206,Good
cakewich,648.6204,Good
apple cider,704.1448,Good
salad area,779.9832,Good
patty,836.1494,Good
shave,927.5258,Good
baby powder,968.9985,Good
menstrual pads,1020.175,Good
sweatened thick creamer,0,107
unagi,76.16425,Good
snacks,130.5688,Good
canned tomatoes,200.3284,Good
otap,261.4837,Good
papaya,338.7882,Good
quekiam,397.8254,Good
wax paper,0,108
pet shampoo,60.7129,Good
moisturizer,119.9139,Good
sweet chili sauce,195.6224,Good
macaroni,237.3189,Good
noodles,274.78,Good
bbq sauce,329.5813,Good
dried fish,403.5768,Good
quekiam,461.9522,Good
mozzarella,522.1089,Good
mamon,595.5239,Good
caramel latte mix,645.1323,Good
coconut oil,702.0112,Good
powdered milk drink for adult,762.7386,Good
blended juice drinks,0,109
vanilla flavored oat mix,56.56928,Good
sparkling softdrinks,109.2566,Good
canned mushroom,177.0975,Good
palabok,222.037,Good
butter toasted bread,293.2529,Good
ampalaya,354.6728,Good
meat,419.5344,Good
hot pepper,499.6188,Good
liquid washing,577.0707,Good
dustpan,638.0832,Good
mushrooms,704.5131,Good
napkin,770.5154,Good
napkin,841.4348,Good
roasted garlic,0,110
cheese sticks,64.91342,Good
hotdog,106.005,Good
cauliflower,167.2924,Good
tropical fruit cocktail,228.7103,Good
olives,291.6438,Good
palabok,332.0676,Good
instant noodles,377.1392,Good
powdered fruit flavored drinks,425.181,Good
fusilli,492.6153,Good
hopia,0,111
seasoning mix,61.78075,Good
marinade mix,111.3747,Good
thick slice bread,157.5725,Good
durian,0,112
tocino,63.05047,Good
frozen squid,108.1981,Good
sweet golden melon,170.4123,Good
yogurt milk drink,214.492,Good
baby powder,281.3975,Good
dustpan,346.9795,Good
hazelnut with cocoa spread,421.372,Good
liver spread,488.0867,Good
cream cheese spread,538.0653,Good
vanilla flavored oat mix,597.9379,Good
all-purpose flour,661.3741,Good
sesame oil,723.67,Good
jellies,781.261,Good
nutella,0,113
pretzels,45.27596,Good
chocolate,84.23886,Good
cleaner,333.8823,stuck hit!
moisturizer,393.7141,Good
fresh milk,459.3703,Good
lychees,511.7888,Good
ion supply juice drink,558.3163,Good
juice drink,634.796,Good
kiwi,696.0942,Good
kiwi,759.53,Good
carbonated drinks,0,114
chicken spread,64.64801,Good
cream cheese spread,115.2126,Good
basil,177.1634,Good
royal,236.0685,Good
flavored beer,286.7664,Good
wheat rld oats,349.7748,Good
spray,411.8565,Good
plastic plates,470.3644,Good
soap,519.3361,Good
cheese cake,596.7424,Good
cakewich,866.0963,stuck hit!
donut,932.384,Good
zucchini,1009.078,Good
squash,1067.416,Good
dried fish,1118.002,Good
tacchino,1176.652,Good
tacchino,1235.422,Good
cloves,0,115
dairy cream,70.34027,Good
grind meat,143.0114,Good
charcoal,194.364,Good
oranges,256.5027,Good
tacchino,296.074,Good
women cologne,369.7291,Good
plastic plates,424.7954,Good
salad dressing,475.3608,Good
misua,524.2892,Good
biscuits,567.902,Good
sesame oil,636.3986,Good
olives,697.1265,Good
chocolate flavored oat mix,767.2628,Good
quickcook oatmeal,832.1956,Good
coconut oil,895.8446,Good
hazelnut with cocoa spread,947.6525,Good
pepsi,1006.17,Good
pepsi,1074.569,Good
powder,0,116
canned tomatoes,44.07594,Good
kitchen towel,116.7385,Good
plastic spoon and fork,169.2895,Good
wheat crd oat,231.9568,Good
whole grain oats,292.2424,Good
zucchini,346.1186,Good
canned tomatoes,0,117
tuna mayo spread,64.63889,Good
sports drink lime flavor,124.7948,Good
mamon,193.951,Good
vanilla cake bar,242.0678,Good
potato strings,0,118
rosquillos,49.41798,Good
bambooshoot,114.9905,Good
pizza crust,187.0665,Good
frozen squid,243.0588,Good
sugar,294.933,Good
kimchi sauce,366.8611,Good
eggplant,411.5359,Good
thyme leaves,485.1909,Good
chocolate cake sandwich,552.4832,Good
chocolate milk drink,610.7155,Good
sugar free oatmeal,678.1439,Good
carbonara,725.6844,Good
sardines,791.9012,Good
cheese spread,847.4966,Good
decaf coffee,909.8643,Good
tocino mix,966.7427,Good
car sweetener,0,119
pasta,55.63361,Good
vegetable oil,120.0456,Good
canned softdrink,170.7435,Good
bread crumbs,221.3748,Good
cheese block,278.1621,Good
roasted coffee,329.5885,Good
spaghetti pack,371.55,Good
white cheese,442.6331,Good
guava,491.2613,Good
basil leaves,544.051,Good
deodorant,0,120
shave,38.65058,Good
body lotion,76.54352,Good
dumpling fries,148.0157,Good
citrus drink,209.0877,Good
cinnamon,263.0289,Good
corned beef,315.117,Good
flavored beer,364.4911,Good
pineapple juice drink,418.0938,Good
vegetable oil,459.9134,Good
noodles,513.7836,Good
mixed fruit,572.6577,Good
roasted coffee,638.375,Good
low fat milk,683.4849,Good
fruit drink,743.2776,Good
canned carrots,786.3286,Good
milo,0,121
basil,52.95998,Good
salted black beans,117.6533,Good
misua,161.2562,Good
seasoning granules,227.4368,Good
orange juice drink,291.4287,Good
cream,366.948,Good
slippers,412.3512,Good
men shampoo,473.2419,Good
pet shampoo,525.5709,Good
moisturizer,593.9239,Good
yogurt juice,668.5437,Good
milk,715.8715,Good
polvoron,791.8521,Good
bread stick,859.3501,Good
bok choi,929.0596,Good
ham,988.2904,Good
ham,1054.302,Good
root beer,0,122
powdered milk drink,275.6298,stuck hit!
olive oil,326.1298,Good
multi grain drink mix,388.3428,Good
liquid seasoning,435.6003,Good
powdered juice drink,477.8261,Good
yogurt flavored drink with nata de coco,530.7936,Good
broth cube,594.2298,Good
korean sauce,662.2986,Good
charcoal,725.5212,Good
onion,785.3934,Good
onion,859.3787,Good
green lemon,0,123
litter,79.93713,Good
rag,138.1805,Good
canned pineapple,207.6746,Good
tropical fruit cocktail,253.6054,Good
instant coffee,308.1433,Good
cola,355.5916,Good
pasta,406.8184,Good
seasoning granules,461.0909,Good
rigatoni,532.7884,Good
polvoron,596.8668,Good
bbq sauce,661.5142,Good
disinfectant spray,725.0218,Good
local snacks,789.3138,Good
local snacks,874.5605,Good
kitchen towel,0,124
macaroni,68.81802,Good
soy sauce,127.5231,Good
pepsi,185.4368,Good
chocolate cake bar,250.695,Good
carbonara,306.6885,Good
canned softdrink,349.1793,Good
powdered fruit flavored drinks,403.5839,Good
margarine,455.795,Good
sports drink lime flavor,506.8694,Good
black roast coffee,560.7781,Good
coconut oil,618.94,Good
strawberry jam,691.2053,Good
biscuits,765.761,Good
bread stick,838.7483,Good
pineapple,918.3626,Good
tocino,983.0643,Good
sweet golden melon,1038.399,Good
sweet golden melon,1092.589,Good
sparkling wine,0,125
liquid seasoning,69.2814,Good
creamy blend coffee,132.6786,Good
yogurt drink with mango,173.6468,Good
tuna spread,235.0671,Good
wine,284.8387,Good
chips,349.0385,Good
powdered detergent,402.0454,Good
mixed vegetable and soya,465.0538,Good
bleach,517.6083,Good
pechay,588.0907,Good
kiwi,647.8829,Good
tocino,710.9633,Good
broccoli bowl,780.8137,Good
watermelon,835.6973,Good
bell pepper,892.2194,Good
broccoli,1172.392,stuck hit!
refreshment drink,1225.482,Good
refreshment drink,1271.846,Good
shampoo,0,126
coriander,77.6861,Good
sugarbeets,350.039,stuck hit!
crab sticks,402.988,Good
white cheese,460.9663,Good
ready made chocolate beverage,526.4639,Good
salted black beans,578.2803,Good
tikoy,638.7958,Good
whole grain oats,684.5556,Good
white coffee mix,744.2846,Good
shave,0,127
icecream,57.36275,Good
garlic pack,106.055,Good
camote,147.7515,Good
root beer,192.3609,Good
cookie mix,256.494,Good
corned beef,321.2822,Good
instant coffee,360.8594,Good
beancurd,406.1317,Good
cinnamon,465.8972,Good
milo,533.269,Good
bangus in olive oil,588.653,Good
olives,651.0911,Good
chicken flakes,703.9069,Good
chicken flakes,783.8079,Good
eggplant,0,128
beef loaf,68.28839,Good
green tea drink,110.3817,Good
toasted bread,155.9178,Good
cup noodles,218.2637,Good
citrus drink,284.2511,Good
dustpan,348.4505,Good
soy drink milk,0,129
canola oil,56.82843,Good
brushes,130.23,Good
aluminum foil,196.8034,Good
coconut oil,0,130
japanese rich drink,52.25863,Good
sports drink tropical fruit,94.33362,Good
vodka,139.6047,Good
sports drink grapes flavor,187.1248,Good
cabbage,270.5842,Good
cigarette,333.3288,Good
air purifier,385.0202,Good
dishwashing liquid,440.1523,Good
trash bags,503.0949,Good
strawberry milk drink for adult,0,131
vinegar,63.91164,Good
sardines in olive oil,126.3917,Good
caramel latte mix,185.363,Good
meat sauce,246.7829,Good
potato strings,313.9609,Good
fusilli,370.4836,Good
squid balls,0,132
vanilla flavored oat mix,67.19937,Good
whole grain oat and wheat cereal,121.4726,Good
floor cleaner,170.1853,Good
baby wipes,235.3777,Good
sparkling wine,0,133
chiffon choco,52.81939,Good
corned beef,116.4639,Good
mamon,188.4654,Good
guava,249.8103,Good
avocado,292.5662,Good
taugi,338.8961,Good
bell pepper,392.9032,Good
bacon,448.6209,Good
cheese cake,511.4234,Good
special oatmeals,570.6808,Good
pretzels,628.6291,Good
banana chips,693.7038,Good
bleach,760.5614,Good
rodent bait,823.0709,Good
body wash,888.4319,Good
body wash,951.8681,Good
polvoron,0,134
shabu sauce,72.91385,Good
powdered detergent,122.1566,Good
oranges,169.1479,Good
corn grits,224.1464,Good
cornflakes cereal,285.8329,Good
mosquito net,358.2961,Good
dishwashing liquid and paste,0,135
soya milk,64.58215,Good
general purpose cleaner,134.8055,Good
garlic,200.0641,Good
black pepper,0,136
puto cheese,47.61514,Good
canton,115.148,Good
luncheon meat,175.7737,Good
yogurt drink with mixed fruits,227.1262,Good
vinegar,276.2356,Good
soy milk drink oat flavor,327.1319,Good
carbonara,370.88,Good
pineapple juice drink,420.4536,Good
hair freshener,484.5213,Good
women cologne,533.0127,Good
cotton buds,579.6906,Good
powdered detergent,638.8501,Good
piaya,686.0356,Good
dumpling fries,0,137
burger patties,61.84804,Good
molo wrapper,122.2296,Good
air purifier,198.6732,Good
toilet papers,241.4961,Good
women cologne,303.3127,Good
sliced bread,383.1325,Good
canola oil,433.0938,Good
tuna mayo spread,484.8434,Good
thousand island dressing,537.2809,Good
toasted bread,607.0523,Good
powdered milk drink,677.5445,Good
chocolate cake sandwich,0,138
basil,54.23011,Good
vodka,121.6337,Good
apple juice,169.4196,Good
pineapple juice drink,230.7733,Good
brooms,300.7975,Good
pain relief oil,353.0839,Good
liquid washing,410.6639,Good
oatmeal,489.0289,Good
wafer sticks,545.566,Good
curry,600.797,Good
nori,643.6929,Good
milk,694.1567,Good
iced tea,760.8609,Good
powder,816.8835,Good
pears,863.2855,Good
watermelon,928.0047,Good
dragon fruit,983.0302,Good
dragon fruit,1050.466,Good
wheat rld oats,0,139
toasted bread,47.87469,Good
four season juice drink,116.4568,Good
men shampoo,186.4147,Good
baby powder,243.0695,Good
toilet brush,289.3995,Good
parmesan,360.4738,Good
patty,408.2597,Good
papaya,457.7008,Good
biscuits,521.3792,Good
pretzels,577.1788,Good
pretzels,650.2375,Good
caramel flavored milk tea,0,140
sandwich spread,67.55286,Good
luncheon meat,137.9079,Good
junk food,203.8866,Good
onion,268.8148,Good
radish,0,141
onion,71.39914,Good
four season juice drink,151.7993,Good
pineapple drink,189.3929,Good
roasted coffee,245.0536,Good
sweetened rice cereal,0,142
soju,62.64993,Good
mamon,110.3162,Good
tuna mayo spread,178.3536,Good
corned beef,224.2134,Good
caramel flavored milk tea,275.3005,Good
four season juice drink,342.4004,Good
beer,385.2888,Good
cornflakes cereal,432.2801,Good
light gin,477.0215,Good
basil,544.3945,Good
ampalaya,622.3721,Good
lettuce,942.2422,stuck hit!
water,990.357,Good
lumpia wrapper,1042.26,Good
canned ham,1095.594,Good
whitening lotion,1145.379,Good
whitening lotion,1207.635,Good
grind meat,0,143
instant noodles,55.96766,Good
powdered milk drink,105.5507,Good
baby powder,171.7361,Good
air purifier,215.1541,Good
air purifier,296.297,Good
carbonated drink,0,144
onion,52.09241,Good
durian,111.1109,Good
beef siomai frozen,159.8236,Good
quekiam,225.3465,Good
kimchi,286.8993,Good
pears,329.3901,Good
avocado,384.721,Good
salt,454.944,Good
cauliflower,522.3221,Good
apple grape juice,604.2885,Good
yogurt drink with mixed fruits,655.0393,Good
baby powder,741.5515,Good
toilet papers,800.426,Good
baby cologne,865.6434,Good
battery,929.4261,Good
oatmeal,992.8624,Good
donut,1056.868,Good
chocolate milk drink for adult,0,145
cotton buds,73.64938,Good
dried mangoes,140.024,Good
milk,203.013,Good
tissue,252.4446,Good
hanger,295.1941,Good
pot holder,345.2957,Good
bathroom tissue,399.1628,Good
feminine care,462.3624,Good
celery powder,549.2621,Good
blueberries,615.4588,Good
bok choi,666.199,Good
sesame oil,0,146
hot chili sauce,51.88092,Good
corn grits,101.0776,Good
cream,190.5554,Good
hanger,236.2894,Good
milo,316.771,Good
apple green tea drink,385.2066,Good
broth cube,440.2729,Good
vegetable oil,0,147
gin,41.99151,Good
soy sauce,88.26724,Good
wafer sticks,165.7039,Good
durian,216.6672,Good
okra,268.1594,Good
rigatoni,0,148
canned ham,44.07433,Good
ham,106.9413,Good
coffee jelly,165.4492,Good
tabasco sauce,212.3076,Good
cup noodles,251.4147,Good
powdered milk drink for pregnant,298.533,Good
citrus drink,356.7096,Good
decaf coffee,405.0915,Good
vegetable oil,446.1259,Good
apple juice drink,494.3681,Good
vodka,556.448,Good
tuna mayo spread,626.1558,Good
tuna mayo spread,712.1061,Good
patty,0,149
canned ham,57.96597,Good
ketchup,121.9586,Good
cheese cake,181.7896,Good
cleaner,439.706,stuck hit!
sandwich spread,491.8604,Good
chocolate milk drink for adult,545.7643,Good
muffin,612.4668,Good
liquid detergent,668.2767,Good
cajun seasoning,0,150
basil,54.83172,Good
cauliflower,92.30396,Good
salad dressing,157.6951,Good
powdered milk drink for adult,224.9977,Good
chicken spread,275.6215,Good
brown coffee mix,325.6577,Good
toilet brush,408.3232,Good
liquid washing,473.9794,Good
sword pepper,0,151
cabbage,39.79653,Good
potato,92.90936,Good
massage oil,156.5795,Good
shave,198.8057,Good
detox powder,255.4605,Good
cotton buds,305.7538,Good
hair conditioner,352.008,Good
marshmallows,407.9737,Good
dried kelp,470.5707,Good
sports drink grapes flavor,527.3991,Good
sardines,597.1697,Good
yogurt juice,0,152
powdered detergent,63.45141,Good
battery,138.6434,Good
olives,216.1372,Good
chicken spread,285.8972,Good
sparkling wine,353.076,Good
mozzarella,429.9723,Good
mangosteen,471.9918,Good
white cheese,520.8037,Good
misua,0,153
nori,38.19316,Good
tamarind,106.4108,Good
microwavable plastic containers,153.3359,Good
plastic plates,206.3515,Good
facial wash,270.7493,Good
scrubs,323.7641,Good
cream roll,387.4347,Good
hot sauce,449.1192,Good
chocolate flavored oat mix,506.8329,Good
citrus drink,0,154
batter mix,49.82013,Good
ramen,120.1031,Good
canned berries,174.1102,Good
roasted garlic,252.8048,Good
bok choi,331.1405,Good
milk,0,155
cookie mix,40.06289,Good
cheese sticks,118.3226,Good
powdered fruit flavored drinks,179.875,Good
yogurt flavored drink with nata de coco,223.6917,Good
white pepper,0,156
beer,53.62849,Good
sausage,120.044,Good
olive oil,176.9654,Good
rejuvenating serum,0,157
ampalaya,77.47781,Good
cauliflower,129.4286,Good
gouda,187.6715,Good
onion,250.8783,Good
candies,314.537,Good
fruit drink,378.1417,Good
palabok,439.8754,Good
cinnamon,490.375,Good
cream cheese spread,540.4481,Good
meat sauce,615.2691,Good
orange juice drink,674.4995,Good
orange juice drink,746.1243,Good
canned pineapple,0,158
french beans,84.55823,Good
tissue,155.3382,Good
slippers,221.1098,Good
nutella,290.7737,Good
cheese berry pie,340.0641,Good
pasta sauce,0,159
pasta,44.80973,Good
instant coffee,109.7806,Good
cotton buds,174.2843,Good
cheese,225.6869,Good
eggplant,268.4796,Good
soy milk drink,338.2729,Good
batter mix,400.852,Good
bleach,465.4807,Good
body lotion,519.5617,Good
canned tomatoes,0,160
conditioner,49.93628,Good
scrubs,128.3043,Good
kitchen towel,176.2227,Good
rodent bait,239.4875,Good
eggplant,306.8643,Good
ginger,352.5975,Good
radish,407.9297,Good
hot pepper,696.765,stuck hit!
palm oil,772.3094,Good
sandwich spread,834.2379,Good
apple grape juice,0,161
soy drink milk,58.62607,Good
bangus in olive oil,127.5247,Good
misua,171.3981,Good
facial wash,234.5391,Good
mouth wash,296.8853,Good
liquid soap,339.7062,Good
general purpose cleaner,400.2002,Good
brooms,442.4268,Good
tissue,485.1168,Good
microwavable plastic containers,545.3199,Good
cookie mix,615.9873,Good
honey,677.879,Good
candies,724.4779,Good
powder,779.6862,Good
powder,852.9495,Good
cloves,0,162
onion,44.71721,Good
carbonated drinks,99.26813,Good
pasta,147.6996,Good
bottled water,198.3237,Good
pineapple drink,263.7811,Good
soy sauce,330.2034,Good
pain relief oil,407.4262,Good
liquid detergent,461.4337,Good
shampoo,523.9012,Good
beans,601.9296,Good
dried mangoes,684.0228,Good
milk,755.5844,Good
popcorn,833.2039,Good
popcorn,897.3985,Good
chocolate milk drink,0,163
skimmed milk,63.03445,Good
root beer,128.3483,Good
lychees,192.7469,Good
corn grits,0,164
tikoy,63.44981,Good
misua,126.0683,Good
feminine care,189.0768,Good
cheese cake,0,165
popcorn,55.23307,Good
sweet golden melon,126.6523,Good
water,178.2592,Good
icecream,245.6264,Good
wheat rld oats,304.3974,Good
dustpan,368.5238,Good
disinfectant,0,166
piaya,65.82233,Good
wheat sesame,138.0793,Good
red onion,185.6665,Good
menstrual pads,251.5115,Good
seasoning granules,0,167
batter mix,47.60672,Good
chicken,106.1859,Good
canned tomatoes,160.5905,Good
ginger,0,168
french beans,50.6885,Good
mouth wash,134.0664,Good
toilet papers,184.5005,Good
scrubs,232.2864,Good
shave,296.0812,Good
canned tuna,361.662,Good
red wine,421.616,Good
ketchup,478.462,Good
chocolate,542.5091,Good
candies,586.0587,Good
basil,0,169
blended juice drinks,66.17065,Good
corn coffee,128.6494,Good
spirit drink,196.7368,Good
powdered milk drink,246.9717,Good
sampalok mix,306.5183,Good
toasted bread,367.9331,Good
cornflakes cereal,423.6528,Good
mocha latte,483.1458,Good
luncheon meat,553.1215,Good
noodles,600.4385,Good
bleach,681.0308,Good
coffee,742.8012,Good
napkin,802.2192,Good
yogurt juice,856.7311,Good
salsa,905.6166,Good
avocado,965.7032,Good
lumpia wrapper,1013.101,Good
sweatened condensed milk,0,170
canton,62.58303,Good
spaghetti sauce,126.1346,Good
macaroni cheese,176.1708,Good
snacks,227.5305,Good
dustbin,286.9648,Good
dustpan,325.7493,Good
icecream,394.0398,Good
kiwi,443.1512,Good
bacon,496.0915,Good
chorizo,559.7292,Good
beef ribeye,607.4052,Good
tea,0,171
cookies,49.01824,Good
sparkling wine,102.0432,Good
winter melon flavored milk tea,167.9561,Good
root beer,221.6327,Good
chocolate milk drink,268.889,Good
cream roll,334.2798,Good
blueberries,391.7876,Good
hotdog,442.8826,Good
dumpling fries,493.9781,Good
cigarette,565.4364,Good
sponge,618.4662,Good
sponge,683.8981,Good
burdock,0,172
shampoo,42.59633,Good
snacks,104.4851,Good
curry paste,162.728,Good
soap,223.2216,Good
beancurd,272.1989,Good
bambooshoot,318.9252,Good
liquid soap,376.9043,Good
thousand island dressing,452.3553,Good
apple flavored drink,501.3322,Good
caramel flavored milk tea,562.024,Good
cream cheese spread,0,173
mandarin oranges,57.16929,Good
soya oil,114.6834,Good
root beer,170.4123,Good
green tea latte drink,220.0513,Good
biscuits,277.1033,Good
celery,341.6994,Good
cookie chips,0,174
soap,57.03711,Good
chinese steamed bun,103.3009,Good
low calorie beer,158.0355,Good
carbonara,220.0521,Good
red onion,288.3553,Good
meat,360.1005,Good
wax paper,433.8963,Good
guava,0,175
salad dressing,68.68552,Good
canned ham,111.4409,Good
ketchup,172.1995,Good
corned beef,230.1778,Good
instant noodles,282.398,Good
tabasco sauce,348.5818,Good
milk cream,401.3333,Good
bread crumbs,450.4427,Good
liquid detergent,529.8853,Good
liquid washing,592.7511,Good
hotcake mix,0,176
carbonated drinks,59.17321,Good
sparkling water,122.2954,Good
unagi,177.9561,Good
cookie sticks,247.8493,Good
baby wipes,0,177
floor cleaner,59.57495,Good
potato,122.3617,Good
squash,182.326,Good
bok choi,231.2355,Good
fish balls,302.0428,Good
black roast coffee,367.4348,Good
mamon,404.8947,Good
luncheon meat,477.369,Good
sweetened rice cereal,544.9837,Good
salsa,595.0198,Good
cookie mix,651.4709,Good
spaghetti sauce,724.1729,Good
mushrooms,774.0667,Good
mushrooms,837.5029,Good
root beer,0,178
no sugar pineapple drink,47.94919,Good
yogurt drink with mango,113.3607,Good
blueberries,188.415,Good
beef siomai frozen,252.8794,Good
ham,293.6496,Good
gums,0,179
facial wash,53.562,Good
wax paper,102.7046,Good
plastic cups,150.5568,Good
white coffee mix,208.4609,Good
bread crumbs,252.8711,Good
yogurt flavored drink with nata de coco,313.298,Good
canned tuna,0,180
milk,66.56897,Good
strawberry jam,104.4268,Good
vegetable oil,165.7142,Good
evaporated creamer,212.9043,Good
cheese,285.4437,Good
garlic pack,339.2444,Good
beancurd,0,181
soap,38.52841,Good
snacks,105.4861,Good
curry paste,171.9361,Good
shampoo,216.3467,Good
burdock,274.5896,Good
durian,332.3033,Good
liquid soap,405.2398,Good
apple flavored drink,459.2469,Good
thousand island dressing,516.5582,Good
caramel flavored milk tea,570.9419,Good
white cheese,0,182
salad,59.10031,Good
royal,120.6986,Good
carbonara,178.9423,Good
powdered milk drink for pregnant,221.6985,Good
almond,282.4563,Good
canned berries,337.7214,Good
unagi,410.3929,Good
sesame oil,475.9166,Good
sotanghon,0,183
bottled water,57.30347,Good
ketchup,114.0891,Good
instant coffee,170.0818,Good
liquid seasoning,230.5531,Good
milk,285.6726,Good
apples,343.3196,Good
burdock,387.201,Good
grapes,436.2938,Good
pasta,0,184
black roast coffee,46.07785,Good
facial tissue,119.6481,Good
soap,168.0962,Good
air purifier,221.0439,Good
toothbrush,282.1818,Good
sugarbeets,343.47,Good
salt,401.5142,Good
burdock,442.4831,Good
cheese,505.0194,Good
white pepper,566.3503,Good
hotdog,889.2672,stuck hit!
polvoron,973.1526,Good
pet shampoo,0,185
toothpaste,56.09183,Good
wax paper,123.1468,Good
mozzarella,189.8619,Good
quekiam,243.2655,Good
dried fish,298.7952,Good
bbq sauce,351.4788,Good
macaroni,397.212,Good
noodles,452.5438,Good
sweet chili sauce,497.2852,Good
mamon,565.5663,Good
powdered milk drink for adult,617.7322,Good
coconut oil,692.5729,Good
caramel latte mix,759.3574,Good
massage oil,0,186
pasta,67.6933,Good
peanuts,111.5667,Good
cookie chips,161.1316,Good
bagoong,218.9774,Good
yogurt drink with mixed fruits,277.3532,Good
light gin,332.1549,Good
sandwich spread,410.0541,Good
yogurt drink with mango,463.332,Good
roasted coffee,522.1718,Good
carbonara,590.3124,Good
lemon,674.6956,Good
tocino,756.1646,Good
camote,802.2781,Good
watermelon,857.8047,Good
broccoli,928.2089,Good
fish balls,996.9191,Good
apples,1049.847,Good
all purpose cleaner,1111.003,Good
oyster sauce,0,187
caramel flavored milk tea,46.14514,Good
mamon,96.41605,Good
green tea latte drink,139.9669,Good
hotcake mix,188.4154,Good
local snacks,242.8854,Good
carbonated drink,0,188
sack of rice,66.1044,Good
red onion,114.3525,Good
mamon,170.8094,Good
liquid seasoning,224.486,Good
mocha latte,272.0073,Good
shampoo,319.6607,Good
rejuvenating serum,376.8448,Good
cologne,415.5627,Good
tocino mix,0,189
wheat sesame,66.6991,Good
fruits and nuts oats,120.5086,Good
rodent bait,191.327,Good
conditioner,247.1872,Good
toothbrush,315.0269,Good
paper plates,375.3221,Good
nutella,434.8893,Good
banana chips,502.332,Good
bbq sauce,573.7117,Good
beans,636.7921,Good
pocky,690.0338,Good
cookie chips,742.139,Good
parmesan,808.2835,Good
kiat-kiat,853.6152,Good
grind meat,926.1022,Good
tacchino,978.3492,Good
tacchino,1035.09,Good
all purpose cleaner,0,190
air freshener,51.02376,Good
chocolate milk drink for adult,120.9652,Good
cookie sticks,192.1078,Good
piaya,0,191
cookie mix,76.9938,Good
dishwashing liquid and paste,134.5111,Good
apple juice drink,208.8699,Good
multi grain drink mix,260.551,Good
prune juice,324.6183,Good
evaporated creamer,394.9328,Good
chocolate cake sandwich,458.7962,Good
mangosteen,536.5294,Good
durian,577.5834,Good
yogurt milk drink,633.0272,Good
green apples,697.3713,Good
sugarbeets,749.8226,Good
body wash,819.5312,Good
macaroni,0,192
deodorant,59.63664,Good
mangosteen,134.4008,Good
coffee,187.2169,Good
bleach,0,193
rodent bait,56.36821,Good
chiffon choco,109.0578,Good
sparkling wine,166.0443,Good
instant coffee,215.4179,Good
corned beef,284.1853,Good
mamon,347.6559,Good
avocado,393.4495,Good
guava,448.7145,Good
taugi,502.3249,Good
bacon,572.0019,Good
bell pepper,636.3644,Good
pretzels,704.8613,Good
banana chips,770.2214,Good
cheese cake,833.0796,Good
special oatmeals,897.6459,Good
special oatmeals,967.7108,Good
hotdog,0,194
roasted garlic,58.30724,Good
cauliflower,109.3911,Good
powdered detergent,187.4898,Good
instant noodles,246.2628,Good
fusilli,292.4598,Good
palabok,359.0424,Good
powdered fruit flavored drinks,401.7982,Good
olives,465.998,Good
tropical fruit cocktail,513.4935,Good
canned tomatoes,0,195
sweetened rice cereal,40.86598,Good
mango juice drink,86.62161,Good
beef loaf,124.2152,Good
vanilla flavored oat mix,169.2213,Good
canola oil,219.2575,Good
powdered milk drink for pregnant,264.9253,Good
paper cups,327.1395,Good
papaya,0,196
zucchini,51.02296,Good
chayote,118.1262,Good
creamy white coffee,167.3682,Good
vanilla flavored oat mix,214.2274,Good
almond milk,276.1769,Good
mouth wash,0,197
men shampoo,50.48823,Good
feminine care,96.81436,Good
ketchup,160.2199,Good
korean sauce,230.3762,Good
fruit drink,276.309,Good
orange drink,346.2007,Good
mamon,406.2309,Good
sparkling wine,457.7231,Good
mixed fruit,517.5374,Good
apple juice drink,584.8223,Good
japanese rich drink,652.9629,Good
sandwich spread,709.699,Good
grapes drink,767.8609,Good
cream roll,827.8757,Good
patty,877.9118,Good
white cheese,950.6141,Good
cumin,1023.459,Good
eggplant,0,198
garlic pack,65.17764,Good
coke,135.5985,Good
hazelnut with cocoa spread,202.8432,Good
sugar free oatmeal,253.6737,Good
sandwich spread,317.2113,Good
fruit juice,374.925,Good
vitamins,428.0057,Good
floor cleaner,0,199
cotton buds,46.61258,Good
dustpan,93.76987,Good
chocolate cake bar,156.7783,Good
cheese berry pie,204.5642,Good
blueberries,264.9253,Good
fresh milk,312.1816,Good
potato,359.7029,Good
lettuce,422.4467,Good
yogurt drink with strawberry,489.0293,Good
whole grain oats,545.2815,Good
orange juice drink,0,200
pancake,62.64952,Good
low calorie beer,120.3761,Good
misua,176.8984,Good
tropical fruit cocktail,239.9068,Good
broth cube,295.7674,Good
instant noodles,356.1284,Good
spirit drink,412.4448,Good
sweetened rice cereal,472.8646,Good
quekiam,531.0093,Good
chicharon,597.2961,Good
cajun seasoning,667.1475,Good
coffee,745.6941,Good
flakes,792.4519,Good
disinfectant,860.5925,Good
mosquito net,920.322,Good
plastic cups,990.0306,Good
plastic cups,1068.685,Good
taugi,0,201
body lotion,70.67035,Good
aluminum foil,134.2751,Good
toothpaste,180.7375,Good
seaweed,254.4679,Good
soy sauce,313.6297,Good
nutella,361.0185,Good
curry,410.5251,Good
green tea latte drink,480.0196,Good
roasted coffee,524.6024,Good
chocolate soy milk drink,584.7599,Good
chicken flakes,655.3234,Good
soya milk,727.4554,Good
tacchino,0,202
prune juice,59.44238,Good
classic decaf coffee,112.4344,Good
broth cube,176.6342,Good
lime juice,237.657,Good
japanese rich drink,289.8113,Good
detox powder,366.4537,Good
tamarind,0,203
tikoy,61.98182,Good
corn grits,115.3463,Good
feminine care,180.4729,Good
chocolate cake bar,0,204
palm oil,66.36902,Good
bottled water,111.7722,Good
ready made chocolate beverage,173.4572,Good
gin,227.8617,Good
black pepper,301.7246,Good
rodent bait,361.8207,Good
mixed vegetable and soya,413.4454,Good
soya oil,0,205
wheat crd oat,72.59052,Good
sparkling softdrinks,140.7616,Good
bagoong,203.5054,Good
men shampoo,270.8822,Good
toothbrush,322.1097,Good
tissue,373.8665,Good
body lotion,426.153,Good
choco pie,481.6164,Good
canned carrots,546.9922,Good
pasta,0,206
baby cologne,63.45181,Good
hair conditioner,120.1118,Good
lemon,198.0781,Good
celery,246.1287,Good
refreshment drink,294.3118,Good
wafer sticks,347.3925,Good
biscuits,389.354,Good
biscuits,437.6692,Good
tropical fruit cocktail,0,207
soju,43.00448,Good
low sugar milk,96.81436,Good
dairy cream,159.161,Good
okra,202.1815,Good
gouda,248.2468,Good
green apples,310.461,Good
unagi,363.4092,Good
curry paste,410.1363,Good
baby wash,467.7174,Good
fabric conditioner,517.3409,Good
cream,566.3793,Good
baby powder,611.9964,Good
baby powder,682.5604,Good
dustbin,0,208
bacon,67.29538,Good
beef ribeye,127.5243,Good
icecream,177.6926,Good
kiwi,232.7589,Good
chorizo,305.2984,Good
macaroni cheese,356.7906,Good
snacks,409.3416,Good
spaghetti sauce,462.1577,Good
corned beef,519.4788,Good
sweatened condensed milk,589.7578,Good
canton,656.5001,Good
milk tea,0,209
sardines,74.17862,Good
trash bags,137.0549,Good
cigarette,186.5615,Good
vinegar,0,210
insect killer,74.17902,Good
sugar,148.0419,Good
yansoy,217.669,Good
strawberry and yogurt granola,0,211
prune juice,56.76915,Good
apple juice,111.9043,Good
cream roll,177.4205,Good
mandarin oranges,228.5155,Good
lasagna,285.9646,Good
oyster sauce,343.1487,Good
pancake syrup,390.0078,Good
mamon,448.5158,Good
misua,522.1794,Good
seasoning granules,593.527,Good
toothbrush,686.1155,Good
tissue,743.8492,Good
floor wax,804.2892,Good
macaroni cheese,886.1713,Good
alugbate,941.2664,Good
noodles,0,212
unagi,40.46464,Good
yansoy,108.3814,Good
mocha latte,183.0385,Good
sugar free oatmeal,240.7522,Good
skewers,0,213
ketchup,66.56897,Good
rubbing alcohol,127.633,Good
bread stick,182.8977,Good
vinegar,231.8663,Good
biscuits,279.0568,Good
soju,340.875,Good
marinade mix,404.0159,Good
soya milk,452.9266,Good
low calorie beer,507.7283,Good
sports drink grapes flavor,572.5466,Good
patty,638.9663,Good
charcoal,704.7289,Good
chicken,769.1546,Good
detox powder,0,214
butter,79.33411,Good
ponkan,126.2508,Good
carbonated drink,189.8535,Good
ampalaya,239.0154,Good
chili powder,299.0935,Good
pickled mango,363.5583,Good
water,413.1197,Good
tequila,490.3456,Good
bagoong,552.5438,Good
mango juice drink,600.2988,Good
mango drink concentrate,650.2542,Good
tocino mix,716.7533,Good
whole grain oats,775.1907,Good
japanese rich drink,830.496,Good
dried kelp,905.3367,Good
disinfectant spray,974.0473,Good
almond,1319.881,stuck hit!
milk tea,0,215
donut,64.3096,Good
conditioner,124.3279,Good
paper cups,202.6774,Good
hanger,269.9225,Good
all purpose cleaner,338.6232,Good
chicken sandwich,405.0728,Good
fresh milk,478.3958,Good
refreshment drink,541.0996,Good
cajun seasoning,601.5425,Good
batter mix,653.8593,Good
sliced bread,719.4343,Good
carbonated drinks,768.9,Good
tikoy,838.1809,Good
wheat rld oats,887.574,Good
sweatened condensed milk,967.1122,Good
sweatened condensed milk,1054.713,Good
baby powder,0,216
bell pepper,68.4205,Good
dairy cream,126.9284,Good
pickled mango,173.3905,Good
cheese cake,238.1199,Good
powdered milk drink,289.8014,Good
mandarin oranges,356.3177,Good
soya oil,412.0421,Good
pineapple drink,460.7326,Good
salad area,0,217
white pepper,70.3248,Good
shampoo,129.2299,Good
tissue,186.811,Good
ramen,258.4892,Good
thousand island dressing,0,218
tuna mayo spread,61.04775,Good
toasted bread,115.2154,Good
canola oil,169.4875,Good
sliced bread,220.9797,Good
air purifier,284.9073,Good
women cologne,344.0758,Good
toilet papers,407.4825,Good
kimchi,474.5935,Good
molo wrapper,527.0992,Good
burger patties,587.5417,Good
dumpling fries,648.7673,Good
car sweetener,0,219
massage oil,46.00335,Good
beef ribeye,111.5659,Good
crab sticks,172.0595,Good
green apples,228.5818,Good
brown coffee mix,278.7505,Good
thousand island dressing,337.6555,Good
instant coffee,400.2668,Good
sardines,450.9648,Good
mandarin oranges,494.7795,Good
imported drinks,561.1678,Good
fruit juice,609.9208,Good
carbonated drinks,0,220
soy drink milk,50.02,Good
decaf coffee,97.87323,Good
jelly powder,139.3718,Good
peanut butter,201.8506,Good
tissue,241.4294,Good
fusilli,299.011,Good
cotton buds,353.0153,Good
canned tomatoes,402.9876,Good
canned berries,704.1564,stuck hit!
tamarind,747.2792,Good
milk for kids,816.5597,Good
baby cologne,871.3006,Good
tocino,950.1326,Good
molo wrapper,1013.568,Good
beef,1062.04,Good
guava,0,221
canned ham,60.77859,Good
salad dressing,123.9502,Good
corned beef,168.5591,Good
instant noodles,217.9991,Good
ketchup,266.8447,Good
liquid washing,325.2772,Good
liquid detergent,366.7754,Good
milk cream,438.7852,Good
tabasco sauce,490.3409,Good
bread crumbs,556.0156,Good
white bread,0,222
liquid seasoning,42.60434,Good
onion,95.49127,Good
watermelon,162.2063,Good
sports drink,225.8769,Good
liquid soap,301.9897,Good
cream,340.7726,Good
quickcook oatmeal,0,223
decaf coffee,52.95878,Good
hot pepper,121.1707,Good
dumpling fries,180.8034,Good
conditioner,0,224
body lotion,59.56855,Good
yogurt milk drink,137.8416,Good
taugi,202.2311,Good
broccoli bowl,264.5119,Good
eggplant,330.0356,Good
marshmallows,383.5797,Good
apple cider,435.1381,Good
flakes,496.1609,Good
candies,545.2631,Good
cola,615.6139,Good
sparkling wine,684.1108,Good
cream roll,748.6156,Good
kimchi,0,225
broccoli,55.43214,Good
yogurt milk drink,97.93869,Good
dried fish,151.6161,Good
hot pepper,215.0216,Good
tamarind,258.8363,Good
avocado,305.2984,Good
garlic pack,372.5427,Good
massage oil,452.3625,Good
toothpaste,516.3428,Good
bihon,602.4453,Good
olives,646.9216,Good
vanilla flavored oat mix,706.7942,Good
canned pineapple,764.528,Good
canton,831.9559,Good
milk,903.5175,Good
piaya,959.2556,Good
fruit juice,1023.405,Good
fruit juice,1077.741,Good
yogurt flavored drink with nata de coco,0,226
meat loaf,54.76483,Good
fresh milk,121.1703,Good
chocolate cake bar,175.3103,Good
tomato sauce,235.4063,Good
canned softdrink,294.1793,Good
kimchi,358.6437,Good
canned berries,418.2105,Good
refreshment drink,475.2624,Good
sack of rice,540.7194,Good
meat,602.4449,Good
hotdog,665.3112,Good
tacchino,725.8959,Good
ponkan,794.0366,Good
bell pepper,0,227
chorizo,61.98182,Good
cornflakes cereal,131.0984,Good
sardines in olive oil,186.4294,Good
yogurt flavored drink with nata de coco,249.3057,Good
bottled water,313.638,Good
liquid washing,366.1891,Good
shave,417.4166,Good
aluminum tray,479.4983,Good
crackers,546.4218,Good
crackers,617.9834,Good
crab sticks,0,228
soju,77.62064,Good
pasta,125.9358,Good
disinfectant,192.3859,Good
macaroni cheese,252.7473,Good
orange drink,318.6677,Good
wax paper,384.3235,Good
korean sauce,0,229
misua,61.98142,Good
fries,125.2741,Good
eggplant,173.1921,Good
sports drink,220.0513,Good
hot sauce,305.8276,Good
pandesal,357.7169,Good
sotanghon,423.1081,Good
skimmed milk,0,230
low fat milk,35.65371,Good
instant coffee,75.10538,Good
mango juice drink,134.1429,Good
shabu sauce,191.327,Good
donut,254.9976,Good
curry paste,305.9601,Good
rigatoni,368.0422,Good
toothbrush,429.7267,Good
dried fish,480.425,Good
eggplant,544.7111,Good
baby wipes,620.6917,Good
fabric conditioner,691.826,Good
skimmed milk,0,231
hair conditioner,81.98862,Good
garlic,165.1175,Good
guava,215.6833,Good
tocino mix,0,232
toilet papers,84.76849,Good
longganisa,167.1031,Good
grapes,226.6703,Good
chocolate cake bar,0,233
winter melon flavored milk tea,56.36861,Good
canola oil,100.7852,Good
paper plates,181.6639,Good
kitchen towel,236.8627,Good
aluminum tray,292.9879,Good
menstrual pads,346.3332,Good
toothbrush,412.1215,Good
plastic cups,470.7619,Good
salad dressing,533.4493,Good
flakes,602.7303,Good
milk,665.4534,Good
chicharon,750.1302,Good
bell pepper,821.1218,Good
special oatmeals,0,234
hot chili sauce,73.64938,Good
imported drinks,116.5373,Good
banana chips,173.3246,Good
misua,228.7881,Good
snacks,275.1176,Good
bbq sauce,326.2127,Good
shampoo,379.6905,Good
pain relief oil,437.1396,Good
tocino,504.2518,Good
radish,566.3789,Good
water,620.6917,Good
potato,665.7388,Good
bell pepper,714.7769,Good
italian roast coffee,764.528,Good
white coffee mix,806.296,Good
vodka,866.3108,Good
decaf coffee,931.6004,Good
decaf coffee,999.028,Good
sardines in olive oil,0,235
noodles,54.63145,Good
soju,119.3176,Good
soy milk drink strawberry flavor,172.1337,Good
tuna spread,240.1722,Good
butter toasted bread,301.8568,Good
lasagna,354.8053,Good
brown coffee mix,410.9305,Good
tissue,479.3662,Good
beef tapa,551.4112,Good
canned tomatoes,613.9921,Good
beancurd,679.424,Good
gums,745.8539,Good
pasta sauce,0,236
yogurt drink with strawberry,59.57616,Good
dried fish,120.1118,Good
pineapple slice,177.9576,Good
hair styling wax,0,237
caramel flavored milk tea,77.091,Good
canned tuna,142.4826,Good
palm oil,186.959,Good
macapuno,236.7306,Good
marinade mix,280.5453,Good
milk cream,326.7427,Good
ketchup,392.9282,Good
luncheon meat,436.2132,Good
mozzarella,516.0579,Good
guava,584.6262,Good
salad dressing,658.6111,Good
oatmeal,711.0709,Good
banana,0,238
fresh milk,64.25089,Good
chicken sandwich,135.9961,Good
powdered milk drink,195.96,Good
sparkling water,241.7603,Good
milk cream,296.9587,Good
chocolate,356.5255,Good
chocolate,421.255,Good
refreshment drink,0,239
egg,53.5616,Good
root beer,115.0813,Good
tomato,166.441,Good
meat,238.8479,Good
popcorn,314.1668,Good
ketchup,365.2623,Good
cookie chips,436.4778,Good
orange drink,487.97,Good
muffin,549.4151,Good
orange juice drink,622.2597,Good
all purpose cream,673.1511,Good
mandarin oranges,738.0131,Good
powdered juice drink,803.7299,Good
quickcook oatmeal,858.7554,Good
paper plates,938.4427,Good
yogurt juice,0,240
avocado,44.74124,Good
ham,93.50485,Good
evaporated creamer,154.263,Good
coke,218.1982,Good
whole grain oat and wheat cereal,258.8359,Good
pandesal,312.5787,Good
pandesal,370.557,Good
fresh milk,0,241
pasta sauce,63.18425,Good
grapes drink,126.2008,Good
moisturizer,201.2551,Good
cotton buds,259.7627,Good
pretzels,313.5055,Good
black pepper,0,242
cheese,64.11877,Good
luncheon meat,119.3172,Good
dishwashing liquid and paste,180.4725,Good
milk,228.7881,Good
curry,281.207,Good
bambooshoot,336.8026,Good
canned ham,384.3239,Good
cookie chips,448.5237,Good
beans,492.4709,Good
oyster sauce,544.1407,Good
jelly powder,613.1367,Good
cinnamon,661.4621,Good
black roast coffee,708.2195,Good
chicken spread,774.079,Good
palabok,835.0919,Good
pancake syrup,902.2345,Good
pet food,967.2387,Good
pet food,1050.127,Good
cranberry juice,0,243
pasta,57.70482,Good
vodka,123.6856,Good
grapes drink,173.8539,Good
instant coffee,230.1116,Good
avocado,280.2803,Good
yansoy,346.2011,Good
carbonated drink,397.4283,Good
thyme leaves,450.1118,Good
alugbate,511.2675,Good
toothpaste,580.6344,Good
trash bags,642.6449,Good
car sweetener,702.5175,Good
cotton buds,770.3727,Good
macaroni,0,244
sports drink tropical fruit,54.09673,Good
prune juice,101.3148,Good
basil,161.9409,Good
corn grits,211.8446,Good
eggplant,281.8688,Good
dried fish,329.6547,Good
red onion,394.3842,Good
hair freshener,466.7907,Good
otap,508.4876,Good
disinfectant,591.7535,Good
water,0,245
dried fish,67.6929,Good
green peas,143.9386,Good
corn starch,192.2538,Good
caramel flavored milk tea,245.0698,Good
beer,297.7534,Good
beancurd,363.2771,Good
potato chips,430.1242,Good
camote,0,246
facial tissue,68.88388,Good
cranberry juice,116.9344,Good
mandarin oranges,165.7793,Good
salted black beans,212.9035,Good
liquid washing,0,247
facial tissue,53.82916,Good
bangus in olive oil,134.5397,Good
sparkling softdrinks,188.15,Good
durian,259.6302,Good
sugar,309.6664,Good
beancurd,0,248
toothbrush,41.66747,Good
peanuts,91.65173,Good
marshmallows,317.6081,stuck hit!
facial tissue,372.6748,Good
spray,434.0951,Good
string beans,512.2088,Good
longganisa,584.3408,Good
pastry wrappers,633.6642,Good
meat,701.0917,Good
caesar dressing,752.6958,Good
fruits and nuts oats,820.2661,Good
sampalok mix,874.2939,Good
evaporated creamer,939.1558,Good
thousand island dressing,1021.409,Good
sandwich spread,1067.6,Good
mixed fruit,1135.781,Good
tropical fruit cocktail,1180.991,Good
tropical fruit cocktail,1266.767,Good
powdered detergent,0,249
trash bags,54.36389,Good
feminine care,106.3454,Good
litter,169.2213,Good
junk food,216.0805,Good
dishwashing liquid and paste,275.3827,Good
cookie mix,341.7006,Good
potato strings,386.5742,Good
spaghetti,446.2735,Good
corn coffee,513.0646,Good
decaf coffee,563.2433,Good
muffin,614.9901,Good
canned mushroom,677.856,Good
canned softdrink,726.8944,Good
sardines,776.5028,Good
apple flavored drink,833.3817,Good
sotanghon,881.8497,Good
sotanghon,965.6707,Good
noodles,0,250
broccoli bowl,65.97189,Good
ginger,123.1559,Good
scrubs,188.0179,Good
bihon,265.7195,Good
trash bags,0,251
cigarette,71.00201,Good
air purifier,118.3908,Good
cabbage,184.7084,Good
coconut oil,261.0865,Good
apple juice,319.0648,Good
sports drink tropical fruit,372.6752,Good
vodka,435.5515,Good
japanese rich drink,477.6452,Good
sports drink grapes flavor,532.309,Good
sports drink grapes flavor,592.6088,Good
shrimp,0,252
thousand island dressing,63.18425,Good
beef loaf,123.9502,Good
apple green tea drink,174.516,Good
tocino,0,253
beef,48.61729,Good
carbonated drink,102.1095,Good
chocolate tablets,172.9275,Good
pasta sauce,223.7584,Good
vegetable oil,283.7223,Good
curry,347.1278,Good
piaya,401.6645,Good
trash bags,0,254
plastic spoon and fork,39.93031,Good
kimchi,113.4932,Good
apple cider,155.5869,Good
salad dressing,211.4475,Good
jellies,275.118,Good
batter mix,342.892,Good
chicken spread,391.0746,Good
apple juice drink,461.3638,Good
cream cheese spread,528.0323,Good
cream cheese spread,607.292,Good
puto cheese,0,255
soy drink milk,67.42828,Good
instant noodles,114.155,Good
cornflakes cereal,184.4442,Good
sesame oil,239.1133,Good
crackers,286.3697,Good
fruit drink,530.8833,stuck hit!
milk tea,597.7409,Good
powdered detergent,654.6198,Good
brown rice,730.4581,Good
floor wax,806.1537,Good
floor cleaner,848.6348,Good
rag,913.639,Good
beancurd,0,256
choco pie,62.24898,Good
almond,122.8913,Good
korean sauce,183.3849,Good
mushrooms,234.8771,Good
butter toasted bread,282.2659,Good
coffee jelly,343.6858,Good
green tea drink,398.4875,Good
spirit drink,454.3481,Good
soya milk,516.9132,Good
soya milk,599.3089,Good
fresh milk,0,257
squid balls,55.56672,Good
salad,112.1693,Good
paper tray,197.8131,Good
powdered detergent,250.7617,Good
raisin load,313.9026,Good
mango drink concentrate,373.734,Good
ketchup,423.9027,Good
canned tuna,485.3227,Good
mamon,552.8365,Good
potato chips,618.8387,Good
canned carrots,672.0112,Good
wine,729.745,Good
dairy cream,0,258
cotton buds,53.562,Good
hotcake mix,103.168,Good
canned corn,161.2792,Good
floor wax,0,259
potato chips,51.95823,Good
tikoy,104.3593,Good
chocolate milk drink,152.2774,Good
pandesal,201.1222,Good
lumpia wrapper,251.4234,Good
tissue,0,260
pain relief oil,50.35445,Good
brooms,97.3436,Good
curry sauce,159.0285,Good
cheese berry pie,227.3317,Good
popcorn,286.6339,Good
olive oil,345.6714,Good
seasoning mix,394.5163,Good
wheat crd oat,458.7161,Good
cinnamon,519.6215,Good
fruits and nuts oats,582.6301,Good
canned corn,649.0596,Good
coke,706.0811,Good
sampalok mix,767.8066,Good
sampalok mix,840.9362,Good
detox powder,0,261
toothpaste,52.76011,Good
pet shampoo,99.19711,Good
marshmallows,163.1323,Good
salsa,215.8159,Good
disinfectant,263.2043,Good
rigatoni,309.2696,Good
hopia,374.9254,Good
tuna spread,426.4176,Good
spirit drink,494.1915,Good
wheat crd oat,566.5216,Good
yogurt milk drink,0,262
dried fish,65.44266,Good
whitening soap,141.9529,Good
scrubs,190.6653,Good
body wash,236.7302,Good
powdered detergent,305.6955,Good
detox powder,347.7896,Good
meat sauce,413.8425,Good
noodles,469.3059,Good
soy drink milk,533.7347,Good
chiffon choco,595.8879,Good
toasted bread,655.6178,Good
wafer sticks,0,263
biscuits,45.27636,Good
tabasco sauce,112.1693,Good
lemon,192.9155,Good
refreshment drink,241.8928,Good
celery,292.8558,Good
hair conditioner,350.8341,Good
baby cologne,394.6488,Good
baby cologne,450.1122,Good
chinese steamed bun,0,264
cookie sticks,47.28068,Good
facial tissue,119.5818,Good
string beans,201.1222,Good
apple green tea drink,0,265
quickmelt cheese,63.05087,Good
luncheon meat,129.6425,Good
apple juice,176.6342,Good
lychees,223.4933,Good
bangus in olive oil,281.207,Good
green tea drink,348.5838,Good
creamy white coffee,412.7836,Good
unagi,462.0256,Good
egg,542.0028,Good
lumpia wrapper,613.7071,Good
guava,684.556,Good
potato,733.8795,Good
okra,797.8856,Good
whitening lotion,889.1198,Good
toilet papers,943.4326,Good
decaf coffee,0,266
classic decaf coffee,43.53881,Good
canola oil,102.3741,Good
ketchup,147.6448,Good
soap and body wash,210.3886,Good
piaya,271.1468,Good
hotdog,347.525,Good
parmesan,405.5033,Good
salad,445.2146,Good
ketchup,0,267
light gin,55.29956,Good
brownies,123.421,Good
sparkling water,189.7389,Good
decaf coffee,255.2622,Good
pantyliner,317.2117,Good
skewers,378.4995,Good
water,439.6548,Good
okra,483.7342,Good
chicken,552.4092,Good
ampalaya,620.2645,Good
beef,0,268
sugar,58.23954,Good
basil leaves,113.3607,Good
crackers,176.8988,Good
chips,0,269
powder,62.1152,Good
pretzels,131.2306,Good
okra,191.5916,Good
frozen squid,258.1742,Good
tocino mix,336.538,Good
palm oil,399.1493,Good
yogurt flavored drink with nata de coco,445.8763,Good
muffin,493.3973,Good
cup noodles,550.6981,Good
toasted bread,627.2495,Good
toasted bread,700.9495,Good
parmesan,0,270
bell pepper,59.57616,Good
canned tuna,108.8602,Good
cleaner,352.1572,stuck hit!
mango drink concentrate,419.4023,Good
sotanghon,0,271
noodles,227.7284,stuck hit!
apple juice drink,291.1348,Good
vinegar,332.8313,Good
carbonara,377.4403,Good
chorizo,426.2851,Good
choco pie,492.2059,Good
milk tea,553.1215,Good
flakes,597.3132,Good
battery,655.7601,Good
nutella,713.3516,Good
nutella,765.9537,Good
quekiam,0,272
dried fish,57.30428,Good
coconut oil,131.7606,Good
macaroni,196.3575,Good
caramel latte mix,250.4971,Good
mamon,287.561,Good
powdered milk drink for adult,344.6126,Good
noodles,414.2396,Good
toothpaste,480.0279,Good
bbq sauce,544.8538,Good
sweet chili sauce,610.143,Good
wax paper,678.9963,Good
moisturizer,746.8515,Good
pet shampoo,797.173,Good
pet shampoo,864.7432,Good
ginger,0,273
water,45.94447,Good
tacchino,103.5655,Good
mamon,170.4127,Good
sugar free oatmeal,213.3006,Good
muffin,261.7483,Good
blended juice drinks,310.8581,Good
yogurt drink with mixed fruits,360.7618,Good
peach drink,417.9463,Good
cocoa powder,480.9547,Good
apple cider,529.458,Good
toilet brush,609.5731,Good
cigarette,673.5792,Good
spray,728.3197,Good
dried kelp,0,274
disinfectant spray,52.35917,Good
water,122.7592,Good
butter,173.06,Good
ponkan,230.5091,Good
chili powder,296.8266,Good
carbonated drink,362.2178,Good
pickled mango,411.4597,Good
ampalaya,466.9232,Good
detox powder,556.8282,Good
tocino mix,621.1198,Good
bagoong,688.2624,Good
mango drink concentrate,754.4069,Good
whole grain oats,817.8431,Good
mango juice drink,889.6901,Good
tequila,948.9923,Good
japanese rich drink,1009.149,Good
japanese rich drink,1080.43,Good
dustpan,0,275
cheese cake,52.22579,Good
gin,126.7301,Good
prune juice,178.2227,Good
yogurt drink with mango,230.6412,Good
bangus in olive oil,0,276
olive oil,55.56672,Good
lasagna,106.345,Good
conditioner,171.7361,Good
milk,233.8182,Good
cookie mix,277.6329,Good
bambooshoot,346.0686,Good
pocky,403.3851,Good
fabric conditioner,482.0135,Good
toilet brush,551.6962,Good
juice drink,646.3517,Good
dairy cream,0,277
avocado,50.75539,Good
sweet chili sauce,103.168,Good
cakewich,168.9563,Good
napkin,221.1102,Good
hot chili sauce,269.6904,Good
mayonnaise,326.8748,Good
mouth wash,394.9134,Good
meat sauce,479.3658,Good
broth cube,526.7493,Good
royal,595.8875,Good
cream cheese spread,662.1747,Good
mixed fruit,740.7214,Good
pepsi,803.5876,Good
no sugar pineapple drink,855.6194,Good
grapes drink,919.3406,Good
onion,0,278
spaghetti sauce,46.21163,Good
four season juice drink,104.889,Good
roasted coffee,151.6157,Good
pineapple drink,203.505,Good
chocolate flavored milk tea,0,279
milo,62.38236,Good
apple green tea drink,127.2597,Good
baby wash,191.8566,Good
junk food,236.2006,Good
fusilli,298.6797,Good
cookie sticks,350.1719,Good
grind meat,420.9904,Good
apple green tea drink,0,280
milo,62.24898,Good
cream,128.1865,Good
hanger,183.782,Good
shampoo,228.656,Good
hot chili sauce,293.9146,Good
sesame oil,342.2298,Good
corn grits,400.6057,Good
general purpose cleaner,0,281
air purifier,59.9767,Good
powdered detergent,116.0081,Good
gin,158.7639,Good
salted black beans,223.0958,Good
canned tuna,459.2453,stuck hit!
salt,510.4729,Good
dairy cream,567.5192,Good
cookies,625.8238,Good
cheese berry pie,893.8233,stuck hit!
milk tea,963.1047,Good
milk tea,1014.994,Good
frozen squid,0,282
coriander,50.88918,Good
oranges,91.25461,Good
cloves,150.6893,Good
whole grain oats,216.676,Good
low sugar milk,269.6245,Good
whole grain oat and wheat cereal,312.2479,Good
margarita,380.551,Good
wheat crd oat,432.7054,Good
classic decaf coffee,493.9932,Good
facial tissue,575.5737,Good
liquid soap,622.9014,Good
floor cleaner,692.61,Good
cookie mix,752.3399,Good
beancurd,799.2396,Good
special potato chips,858.8271,Good
apple cider,931.9567,Good
macaroni cheese,987.8375,Good
macaroni cheese,1039.191,Good
wheat rld oats,0,283
chocolate milk drink,60.11048,Good
apple green tea drink,107.9335,Good
turmeric corn coffee,159.9549,Good
sandwich spread,215.8155,Good
sampalok mix,276.9708,Good
chocolate milk drink for adult,316.6821,Good
powdered milk drink for pregnant,359.1733,Good
milk for kids,442.4343,Good
pet food,488.2346,Good
hotdog,571.511,Good
tamarind,644.2129,Good
cloves,702.3748,Good
salad dressing,756.1172,Good
dried mangoes,812.5684,Good
gums,877.7153,Good
dried kelp,943.8598,Good
hot chili sauce,1004.873,Good
hot chili sauce,1068.455,Good
burger patties,0,284
sweet golden melon,62.78331,Good
chocolate cake bar,109.5216,Good
oyster sauce,176.5013,Good
wheat rld oats,219.6542,Good
odong,296.8266,Good
creamy blend coffee,0,285
apple green tea drink,69.41351,Good
canned tuna,116.8023,Good
black roast coffee,181.9289,Good
mandarin oranges,230.6412,Good
breakfast cereal,294.9735,Good
dishwashing liquid,351.2312,Good
soap,402.9884,Good
corn chip,478.8365,Good
tamarind,532.7367,Good
cookie mix,583.4858,Good
otap,645.3536,Good
banana chips,697.5281,Good
brown rice,780.9218,Good
dragon fruit,846.0687,Good
alugbate,902.0922,Good
q tips,0,286
liquid detergent,61.17993,Good
all purpose cleaner,111.6401,Good
lasagna,174.781,Good
instant noodles,242.2899,Good
shrimp,301.8568,Good
bell pepper,344.2155,Good
basil,390.2808,Good
chocolate tablets,453.2892,Good
chiffon choco,503.0608,Good
apple green tea drink,563.5283,Good
powdered fruit flavored drinks,630.3859,Good
sampalok mix,688.1197,Good
sampalok mix,769.9454,Good
fabric conditioner,0,287
cigarette,67.56039,Good
baby wipes,125.5391,Good
cream,182.4585,Good
milk for kids,236.9952,Good
tamarind,315.094,Good
instant noodles,368.5718,Good
peanuts,437.0075,Good
mayonnaise,491.412,Good
crackers,529.173,Good
chocolate,580.4921,Good
muffin,657.6135,Good
brown rice,712.0685,Good
potato,780.3514,Good
coriander,840.224,Good
soju,0,288
sparkling wine,48.48351,Good
dustpan,110.8455,Good
paper cups,163.794,Good
whitening lotion,220.8456,Good
meat,288.4874,Good
burger patties,346.3332,Good
celery powder,395.5751,Good
sports drink,464.0108,Good
broccoli,507.2963,Good
cheese berry pie,584.9111,Good
sesame oil,655.7601,Good
sesame oil,715.6322,Good
olive oil,0,289
beer,59.04143,Good
sausage,107.0067,Good
white pepper,159.6903,Good
sweatened condensed milk,0,290
meat sauce,61.04575,Good
coffee jelly,107.0067,Good
yogurt drink with mixed fruits,150.8214,Good
caramel flavored milk tea,200.1959,Good
durian,255.1297,Good
wafers,314.2993,Good
dishwashing liquid and paste,380.2202,Good
curry sauce,434.4922,Good
rice stick,484.793,Good
cookies,548.8447,Good
toilet papers,623.9704,Good
taugi,0,291
bacon,66.36902,Good
eggplant,129.9071,Good
beauty soap,195.5633,Good
insect killer,256.8507,Good
soy milk drink,319.1974,Good
corn starch,381.2794,Good
liver spread,432.1099,Good
pandesal,493.3973,Good
curry paste,553.1219,Good
beans,602.3026,Good
local snacks,660.4645,Good
cheese spread,0,292
coke,58.23954,Good
kiat-kiat,133.8783,Good
tocino,196.225,Good
biscuits,266.2492,Good
conditioner,312.0495,Good
detox powder,377.0435,Good
parmesan,0,293
bell pepper,61.71426,Good
noodles,128.0536,Good
mamon,178.3544,Good
wheat rld oats,230.5087,Good
peanut butter,284.1186,Good
peanut butter,354.8049,Good
root beer,0,294
liquid seasoning,65.70728,Good
olive oil,110.0512,Good
yogurt flavored drink with nata de coco,163.794,Good
multi grain drink mix,230.5087,Good
powdered milk drink,276.309,Good
powdered juice drink,323.3007,Good
charcoal,386.4417,Good
onion,437.5367,Good
aluminum foil,500.9423,Good
korean sauce,572.9367,Good
corned beef,0,295
sampalok mix,59.04143,Good
chocolate milk drink for adult,120.509,Good
caramel flavored milk tea,160.0878,Good
muffin,217.2719,Good
peanut butter,274.853,Good
ion supply juice drink,345.6714,Good
whitening lotion,398.7521,Good
dustpan,440.5816,Good
vitamins,503.0604,Good
paper tray,571.0833,Good
napkin,646.209,Good
dishwashing liquid and paste,713.0666,Good
ramen,780.4941,Good
spaghetti,829.2472,Good
unagi,892.3984,Good
hot pepper,941.2942,Good
broccoli bowl,1003.305,Good
broccoli bowl,1062.712,Good
mayonnaise,0,296
cheese cake,64.25128,Good
hair freshener,135.0697,Good
women cologne,181.7964,Good
yogurt milk drink,251.5559,Good
carbonated drinks,301.9893,Good
caesar dressing,358.3791,Good
bread stick,0,297
peanuts,52.76011,Good
iced tea,103.0359,Good
butter,176.3691,Good
shrimp,236.9948,Good
burger patties,282.7951,Good
paper cups,351.0987,Good
bathroom tissue,393.1924,Good
sparkling wine,448.7883,Good
flavored beer,493.7944,Good
all-purpose flour,543.0004,Good
muffin,594.0345,Good
brownies,652.4814,Good
sweetened mango puree,710.5005,Good
apples,0,298
coriander,49.55296,Good
kimchi,101.4474,Good
basil leaves,161.1467,Good
durian,219.1254,Good
pineapple juice drink,292.3261,Good
chocolate cake bar,359.4383,Good
noodles,414.7693,Good
low sugar milk,476.5863,Good
wheat rld oats,522.473,Good
meat loaf,586.0519,Good
apple juice,633.5219,Good
diaper,690.543,Good
aluminum foil,732.1688,Good
brushes,790.0452,Good
facial tissue,849.9178,Good
otap,902.6622,Good
unagi,968.9494,Good
unagi,1024.467,Good
canned corn,0,299
vegetable oil,8192,force hit!
