"chocolate cake bar",0,"1"
"oyster sauce",19.33879,"Good"
"cotton buds",35.0138,"Good"
"rice stick",50.70178,"Good"
"nutella",71.68327,"Good"
"misua",92.99258,"Good"
"yogurt juice",108.9934,"Good"
"imported drinks",125.29,"Good"
"liquid detergent",153.8461,"Good"
"facial wash",177.2502,"Good"
"air freshener",199.0947,"Good"
"chicken spread",229.0581,"Good"
"whole grain oats",250.5909,"Good"
"wheat sesame",268.0202,"Good"
"muffin",285.7162,"Good"
"onion",308.4613,"Good"
"garlic pack",326.4852,"Good"
"blueberries",349.8612,"Good"
"white cheese",368.186,"Good"
"choco pie",0,"2"
"chocolate cake bar",20.79198,"Good"
"cocoa powder",36.77681,"Good"
"potato chips",55.90131,"Good"
"cotton buds",79.08468,"Good"
"seaweed",100.0662,"Good"
"nori",119.2061,"Good"
"soy sauce",141.0462,"Good"
"canned ham",158.5175,"Good"
"mushrooms",175.9889,"Good"
"nutella",193.4436,"Good"
"imported drinks",215.2699,"Good"
"toilet papers",246.1541,"Good"
"pain relief oil",262.6593,"Good"
"liquid detergent",280.3547,"Good"
"breakfast cereal",302.1408,"Good"
"hazelnut with cocoa spread",322.3544,"Good"
"sword pepper",351.1082,"Good"
"fries",373.2242,"Good"
"cayenne pepper",391.549,"Good"
"milk tea",0,"3"
"cotton buds",17.35169,"Good"
"mushrooms",35.23035,"Good"
"potato chips",54.68125,"Good"
"oyster sauce",76.6157,"Good"
"misua",92.92724,"Good"
"imported drinks",108.6162,"Good"
"facial wash",134.9377,"Good"
"pain relief oil",152.7391,"Good"
"air freshener",170.5404,"Good"
"toilet papers",187.7319,"Good"
"soy milk drink strawberry flavor",217.4013,"Good"
"hazelnut with cocoa spread",235.8257,"Good"
"whole grain oats",256.7394,"Good"
"prune juice",272.5619,"Good"
"cheddar spread",290.2705,"Good"
"cotton buds",0,"4"
"chocolate cake bar",19.54047,"Good"
"misua",36.79088,"Good"
"rice stick",49.98075,"Good"
"choco pie",75.67812,"Good"
"mayonnaise",96.67569,"Good"
"nutella",113.0032,"Good"
"air freshener",138.0765,"Good"
"toilet papers",155.2355,"Good"
"pet shampoo",172.1099,"Good"
"rejuvenating serum",192.0805,"Good"
"mosquito net",209.8637,"Good"
"liquid detergent",234.8633,"Good"
"muffin",263.9519,"Good"
"vanilla cake bar",279.4576,"Good"
"onion",300.9443,"Good"
"cayenne pepper",319.2988,"Good"
"frozen bangus",337.0359,"Good"
"soy sauce",0,"5"
"rice stick",19.5561,"Good"
"mayonnaise",40.55453,"Good"
"potato chips",60.61452,"Good"
"seaweed",80.05145,"Good"
"nutella",96.67682,"Good"
"deodorant",124.2177,"Good"
"dishwashing liquid",147.0668,"Good"
"pet shampoo",163.9135,"Good"
"facial wash",186.0692,"Good"
"pain relief oil",204.1658,"Good"
"whole grain oats",230.6952,"Good"
"cheddar spread",250.3352,"Good"
"soy milk drink strawberry flavor",271.5927,"Good"
"tacchino",299.0599,"Good"
"watermelon",318.0131,"Good"
"white cheese",335.7085,"Good"
"blueberries",353.7324,"Good"
"chicken cutlet",375.5333,"Good"
"cloves",395.7469,"Good"
"potato chips",0,"6"
"nutella",19.86833,"Good"
"oyster sauce",37.76005,"Good"
"mayonnaise",55.30614,"Good"
"canned ham",71.93111,"Good"
"soy sauce",88.55598,"Good"
"rice stick",108.6155,"Good"
"whitening lotion",135.8596,"Good"
"liquid detergent",157.7369,"Good"
"baby wipes",180.5182,"Good"
"prune juice",210.4999,"Good"
"vanilla cake bar",229.861,"Good"
"hazelnut with cocoa spread",247.0194,"Good"
"chicken spread",263.1011,"Good"
"tacchino",286.7906,"Good"
"watermelon",303.8714,"Good"
"onion",324.4261,"Good"
"blueberries",346.5434,"Good"
"cayenne pepper",370.2606,"Good"
"grapes",392.0747,"Good"
"white cheese",408.5393,"Good"
"cotton buds",0,"7"
"nori",17.36822,"Good"
"seaweed",36.82406,"Good"
"nutella",53.15067,"Good"
"shampoo",74.47694,"Good"
"choco pie",97.34887,"Good"
"pet shampoo",122.4052,"Good"
"facial wash",144.179,"Good"
"rejuvenating serum",161.0429,"Good"
"dishwashing liquid",181.9493,"Good"
"prune juice",205.6854,"Good"
"hazelnut with cocoa spread",227.5284,"Good"
"breakfast cereal",249.0604,"Good"
"black roast coffee",265.7315,"Good"
"muffin",281.5544,"Good"
"frozen bangus",304.3132,"Good"
"watermelon",329.6039,"Good"
"tacchino",346.6852,"Good"
"chicken cutlet",361.5762,"Good"
"white cheese",377.3981,"Good"
"bell pepper",392.589,"Good"
"nori",0,"8"
"cotton buds",17.35259,"Good"
"rice stick",33.66861,"Good"
"misua",46.87395,"Good"
"nutella",70.36954,"Good"
"oyster sauce",88.24283,"Good"
"ramen",108.93,"Good"
"imported drinks",127.7552,"Good"
"potato chips",148.9759,"Good"
"mayonnaise",169.603,"Good"
"deodorant",196.1323,"Good"
"facial wash",210.1681,"Good"
"mosquito net",228.5764,"Good"
"black roast coffee",262.038,"Good"
"vanilla cake bar",277.2448,"Good"
"wheat sesame",294.0242,"Good"
"whole grain oats",310.7765,"Good"
"onion",332.2759,"Good"
"cloves",350.3142,"Good"
"grapes",371.4867,"Good"
"sword pepper",387.937,"Good"
"milk tea",0,"9"
"mushrooms",20.47945,"Good"
"canned ham",36.79109,"Good"
"yogurt juice",59.05414,"Good"
"rice stick",75.3662,"Good"
"mayonnaise",96.36427,"Good"
"dishwashing liquid",121.437,"Good"
"facial wash",143.7453,"Good"
"pet shampoo",165.885,"Good"
"whitening lotion",187.4348,"Good"
"deodorant",203.9519,"Good"
"chicken spread",239.8498,"Good"
"muffin",257.3327,"Good"
"vanilla cake bar",272.1951,"Good"
"black roast coffee",288.016,"Good"
"tacchino",310.7611,"Good"
"watermelon",328.1423,"Good"
"chicken cutlet",347.755,"Good"
"blueberries",369.2259,"Good"
"cayenne pepper",392.9156,"Good"
"mayonnaise",0,"10"
"choco pie",21.1036,"Good"
"ramen",41.47691,"Good"
"milk tea",59.96128,"Good"
"imported drinks",75.96099,"Good"
"cotton buds",92.27304,"Good"
"mushrooms",108.5702,"Good"
"nori",124.8673,"Good"
"dishwashing liquid",154.0146,"Good"
"mosquito net",178.966,"Good"
"air freshener",202.6673,"Good"
"chicken spread",232.3012,"Good"
"caramel latte mix",251.3185,"Good"
"whole grain oats",266.8003,"Good"
"grapes",291.1321,"Good"
"garlic pack",313.892,"Good"
"sword pepper",338.8406,"Good"
"nutella",0,"11"
"misua",21.74649,"Good"
"imported drinks",37.76187,"Good"
"rice stick",54.10496,"Good"
"facial wash",82.30155,"Good"
"deodorant",95.52276,"Good"
"liquid detergent",119.9704,"Good"
"rejuvenating serum",140.3076,"Good"
"soy milk drink strawberry flavor",172.1472,"Good"
"vanilla cake bar",190.8683,"Good"
"breakfast cereal",210.2118,"Good"
"black roast coffee",228.0137,"Good"
"white cheese",252.6839,"Good"
"tacchino",268.2705,"Good"
"blueberries",287.2391,"Good"
"bell pepper",302.7453,"Good"
"sword pepper",317.952,"Good"
"garlic pack",343.5721,"Good"
"rice stick",0,"12"
"cocoa powder",16.72743,"Good"
"soy sauce",36.47915,"Good"
"choco pie",56.86803,"Good"
"misua",79.75494,"Good"
"shampoo",96.06609,"Good"
"seaweed",117.7052,"Good"
"cotton buds",138.4923,"Good"
"oyster sauce",155.3385,"Good"
"nutella",174.0586,"Good"
"baby wipes",202.462,"Good"
"rejuvenating serum",219.3086,"Good"
"paper plates",238.6706,"Good"
"vanilla cake bar",269.3609,"Good"
"muffin",284.5529,"Good"
"black roast coffee",301.0186,"Good"
"chicken spread",318.4134,"Good"
"fries",339.2849,"Good"
"onion",356.0489,"Good"
"frozen bangus",374.4038,"Good"
"chicken cutlet",392.4409,"Good"
"choco pie",0,"13"
"yogurt juice",20.79148,"Good"
"seaweed",39.93164,"Good"
"chocolate cake bar",59.38243,"Good"
"imported drinks",76.02338,"Good"
"milk tea",92.97466,"Good"
"deodorant",118.3462,"Good"
"whitening lotion",134.4971,"Good"
"wheat sesame",166.0238,"Good"
"puto cheese",183.2156,"Good"
"black roast coffee",200.0789,"Good"
"tacchino",224.1107,"Good"
"blueberries",244.705,"Good"
"fries",270.2429,"Good"
"grapes",292.0435,"Good"
"white cheese",308.4948,"Good"
"cocoa powder",0,"14"
"oyster sauce",19.8536,"Good"
"shampoo",36.1823,"Good"
"imported drinks",52.18301,"Good"
"soy sauce",68.80889,"Good"
"potato chips",90.75842,"Good"
"cotton buds",114.5658,"Good"
"chocolate cake bar",133.6908,"Good"
"nutella",154.5964,"Good"
"pain relief oil",182.704,"Good"
"caramel latte mix",209.5452,"Good"
"cheddar spread",226.6875,"Good"
"soy milk drink strawberry flavor",248.8611,"Good"
"chicken cutlet",277.5962,"Good"
"garlic pack",297.1952,"Good"
"frozen bangus",314.9037,"Good"
"tacchino",335.1455,"Good"
"soy sauce",0,"15"
"canned ham",17.35319,"Good"
"cotton buds",36.16883,"Good"
"oyster sauce",52.79219,"Good"
"nutella",70.97981,"Good"
"imported drinks",92.2886,"Good"
"whitening lotion",118.2839,"Good"
"liquid detergent",139.4284,"Good"
"air freshener",156.275,"Good"
"rejuvenating serum",176.246,"Good"
"muffin",209.9584,"Good"
"wheat sesame",229.3381,"Good"
"caramel latte mix",246.4951,"Good"
"bell pepper",273.0362,"Good"
"chicken cutlet",292.0048,"Good"
"cloves",311.9283,"Good"
"onion",329.952,"Good"
"frozen bangus",347.9906,"Good"
"blueberries",375.1432,"Good"
"choco pie",0,"16"
"shampoo",23.29709,"Good"
"misua",39.63698,"Good"
"imported drinks",56.27843,"Good"
"rice stick",72.58947,"Good"
"soy sauce",88.91759,"Good"
"mushrooms",105.2301,"Good"
"air freshener",131.2255,"Good"
"pet shampoo",145.2616,"Good"
"baby wipes",167.7631,"Good"
"black roast coffee",199.9133,"Good"
"soy milk drink strawberry flavor",219.8848,"Good"
"vanilla cake bar",238.9339,"Good"
"chicken spread",257.0197,"Good"
"cayenne pepper",272.8558,"Good"
"blueberries",296.2457,"Good"
"sword pepper",311.4366,"Good"
"chicken cutlet",330.7337,"Good"
"yogurt juice",0,"17"
"rice stick",17.05148,"Good"
"cotton buds",33.69416,"Good"
"mayonnaise",54.08445,"Good"
"canned ham",71.34855,"Good"
"air freshener",94.53282,"Good"
"pet shampoo",107.7376,"Good"
"paper plates",126.2525,"Good"
"dishwashing liquid",144.5728,"Good"
"breakfast cereal",168.6045,"Good"
"caramel latte mix",185.762,"Good"
"hazelnut with cocoa spread",205.4364,"Good"
"vanilla cake bar",221.9717,"Good"
"puto cheese",238.818,"Good"
"frozen bangus",264.8055,"Good"
"cayenne pepper",282.8295,"Good"
"fries",300.5396,"Good"
"tacchino",318.5636,"Good"
"garlic pack",340.6808,"Good"
"mayonnaise",0,"18"
"pain relief oil",26.75001,"Good"
"facial wash",44.30985,"Good"
"toilet papers",62.8087,"Good"
"pet shampoo",78.49709,"Good"
"chicken spread",107.943,"Good"
"hazelnut with cocoa spread",123.9737,"Good"
"cheddar spread",142.1198,"Good"
"whole grain oats",162.0893,"Good"
"caramel latte mix",179.8911,"Good"
"watermelon",202.7044,"Good"
"cayenne pepper",225.7981,"Good"
"white cheese",250.1407,"Good"
"bell pepper",266.7063,"Good"
"sword pepper",285.3595,"Good"
"nori",0,"19"
"cocoa powder",16.72733,"Good"
"chocolate cake bar",33.6696,"Good"
"soy sauce",53.72908,"Good"
"nutella",71.91669,"Good"
"misua",93.52235,"Good"
"mushrooms",110.1487,"Good"
"deodorant",139.5631,"Good"
"rejuvenating serum",156.4093,"Good"
"baby wipes",173.256,"Good"
"facial wash",190.1026,"Good"
"pain relief oil",208.1986,"Good"
"wheat sesame",237.2099,"Good"
"caramel latte mix",254.0394,"Good"
"soy milk drink strawberry flavor",271.9353,"Good"
"hazelnut with cocoa spread",289.3165,"Good"
"chicken spread",303.8644,"Good"
"white cheese",328.1678,"Good"
"fries",346.1921,"Good"
"soy sauce",0,"20"
"potato chips",21.71412,"Good"
"cotton buds",45.50767,"Good"
"imported drinks",61.80474,"Good"
"rice stick",78.41565,"Good"
"mushrooms",96.60176,"Good"
"rejuvenating serum",121.6442,"Good"
"dishwashing liquid",142.1086,"Good"
"facial wash",165.2024,"Good"
"deodorant",179.2385,"Good"
"soy milk drink strawberry flavor",214.7919,"Good"
"wheat sesame",235.3703,"Good"
"prune juice",253.1384,"Good"
"breakfast cereal",264.5074,"Good"
"hazelnut with cocoa spread",285.3632,"Good"
"whole grain oats",304.6479,"Good"
"fries",331.1685,"Good"
"grapes",353.5988,"Good"
"garlic pack",375.0844,"Good"
"chocolate cake bar",0,"21"
"cocoa powder",16.41331,"Good"
"yogurt juice",30.52807,"Good"
"canned ham",54.97802,"Good"
"choco pie",73.46098,"Good"
"imported drinks",95.39594,"Good"
"paper plates",125.4345,"Good"
"whitening lotion",144.9427,"Good"
"pain relief oil",162.4156,"Good"
"rejuvenating serum",179.2612,"Good"
"baby wipes",196.1078,"Good"
"toilet papers",214.2039,"Good"
"chicken spread",246.0428,"Good"
"whole grain oats",266.9844,"Good"
"black roast coffee",282.8057,"Good"
"cheddar spread",297.9966,"Good"
"frozen bangus",318.5668,"Good"
"cayenne pepper",337.5359,"Good"
"shampoo",0,"22"
"ramen",21.41633,"Good"
"rice stick",40.24557,"Good"
"seaweed",61.55397,"Good"
"nori",80.99029,"Good"
"yogurt juice",97.94296,"Good"
"soy sauce",116.7532,"Good"
"pet shampoo",141.857,"Good"
"deodorant",163.7014,"Good"
"pain relief oil",181.8141,"Good"
"liquid detergent",201.1593,"Good"
"facial wash",224.2692,"Good"
"chicken spread",259.9018,"Good"
"soy milk drink strawberry flavor",279.1846,"Good"
"hazelnut with cocoa spread",296.2663,"Good"
"cheddar spread",312.4019,"Good"
"whole grain oats",331.0848,"Good"
"bell pepper",351.6253,"Good"
"sword pepper",373.7568,"Good"
"watermelon",389.2619,"Good"
"white cheese",406.9865,"Good"
"ramen",0,"23"
"seaweed",17.35319,"Good"
"imported drinks",38.37059,"Good"
"yogurt juice",55.01103,"Good"
"pet shampoo",85.06452,"Good"
"whitening lotion",105.1406,"Good"
"toilet papers",123.9518,"Good"
"puto cheese",153.6543,"Good"
"vanilla cake bar",171.7827,"Good"
"muffin",189.255,"Good"
"cheddar spread",209.5374,"Good"
"hazelnut with cocoa spread",227.9442,"Good"
"cloves",246.9949,"Good"
"watermelon",269.6877,"Good"
"white cheese",286.4528,"Good"
"blueberries",304.7873,"Good"
"mushrooms",0,"24"
"chocolate cake bar",18.91482,"Good"
"oyster sauce",39.6184,"Good"
"nori",57.49318,"Good"
"potato chips",76.94448,"Good"
"soy sauce",98.26835,"Good"
"liquid detergent",121.7804,"Good"
"rejuvenating serum",142.5703,"Good"
"breakfast cereal",170.6598,"Good"
"puto cheese",189.0675,"Good"
"hazelnut with cocoa spread",206.8531,"Good"
"whole grain oats",227.7752,"Good"
"caramel latte mix",245.5766,"Good"
"cayenne pepper",264.3813,"Good"
"blueberries",288.0704,"Good"
"soy sauce",0,"25"
"ramen",17.68084,"Good"
"nutella",35.55979,"Good"
"choco pie",57.21187,"Good"
"canned ham",76.35194,"Good"
"yogurt juice",98.6133,"Good"
"pet shampoo",129.3049,"Good"
"baby wipes",149.8996,"Good"
"dishwashing liquid",172.3691,"Good"
"toilet papers",191.435,"Good"
"paper plates",205.4707,"Good"
"rejuvenating serum",226.3944,"Good"
"liquid detergent",247.3004,"Good"
"pain relief oil",266.1739,"Good"
"cheddar spread",294.899,"Good"
"puto cheese",311.3636,"Good"
"soy milk drink strawberry flavor",329.7037,"Good"
"garlic pack",351.2032,"Good"
"sword pepper",376.4803,"Good"
"cocoa powder",0,"26"
"mayonnaise",19.86923,"Good"
"milk tea",39.30723,"Good"
"nutella",59.05438,"Good"
"ramen",75.99209,"Good"
"oyster sauce",94.1777,"Good"
"liquid detergent",118.3154,"Good"
"facial wash",140.7106,"Good"
"paper plates",160.3848,"Good"
"breakfast cereal",185.9939,"Good"
"black roast coffee",203.4661,"Good"
"muffin",221.2494,"Good"
"prune juice",242.172,"Good"
"cloves",263.4661,"Good"
"garlic pack",274.2663,"Good"
"sword pepper",300.8023,"Good"
"bell pepper",316.3074,"Good"
"cayenne pepper",341.2575,"Good"
"yogurt juice",0,"27"
"canned ham",22.07284,"Good"
"shampoo",41.2129,"Good"
"seaweed",62.85059,"Good"
"rice stick",84.17446,"Good"
"potato chips",105.4997,"Good"
"facial wash",128.3882,"Good"
"toilet papers",147.7492,"Good"
"dishwashing liquid",165.8619,"Good"
"caramel latte mix",190.8143,"Good"
"soy milk drink strawberry flavor",210.4871,"Good"
"vanilla cake bar",229.2092,"Good"
"grapes",254.1757,"Good"
"tacchino",271.1214,"Good"
"watermelon",288.2032,"Good"
"white cheese",304.6671,"Good"
"onion",322.3775,"Good"
"oyster sauce",0,"28"
"nori",18.32183,"Good"
"milk tea",31.52874,"Good"
"mushrooms",50.65318,"Good"
"nutella",70.08851,"Good"
"chocolate cake bar",90.47739,"Good"
"paper plates",120.5464,"Good"
"dishwashing liquid",138.1175,"Good"
"deodorant",161.8349,"Good"
"pain relief oil",179.9481,"Good"
"chicken spread",211.4914,"Good"
"whole grain oats",232.7112,"Good"
"fries",260.54,"Good"
"bell pepper",282.3398,"Good"
"chicken cutlet",301.3232,"Good"
"rice stick",0,"29"
"potato chips",21.43246,"Good"
"cocoa powder",41.18171,"Good"
"misua",58.11942,"Good"
"choco pie",80.99146,"Good"
"ramen",99.80112,"Good"
"pet shampoo",127.3432,"Good"
"dishwashing liquid",144.1863,"Good"
"paper plates",162.9079,"Good"
"baby wipes",181.9403,"Good"
"cheddar spread",216.5889,"Good"
"caramel latte mix",233.7645,"Good"
"breakfast cereal",250.6284,"Good"
"chicken spread",269.9562,"Good"
"whole grain oats",290.1974,"Good"
"chicken cutlet",315.1602,"Good"
"frozen bangus",333.4861,"Good"
"soy sauce",0,"30"
"yogurt juice",21.41583,"Good"
"oyster sauce",40.54143,"Good"
"shampoo",56.54064,"Good"
"rice stick",73.47744,"Good"
"imported drinks",89.78999,"Good"
"mosquito net",117.3465,"Good"
"deodorant",133.1103,"Good"
"liquid detergent",156.8455,"Good"
"hazelnut with cocoa spread",187.4503,"Good"
"prune juice",208.9991,"Good"
"chicken cutlet",234.9191,"Good"
"watermelon",255.5955,"Good"
"cayenne pepper",277.0791,"Good"
"grapes",298.8796,"Good"
"milk tea",0,"31"
"yogurt juice",16.72794,"Good"
"soy sauce",35.54168,"Good"
"mushrooms",51.86979,"Good"
"choco pie",73.49342,"Good"
"shampoo",96.69226,"Good"
"potato chips",118.6267,"Good"
"nutella",138.8763,"Good"
"liquid detergent",164.7971,"Good"
"mosquito net",189.452,"Good"
"pain relief oil",209.7353,"Good"
"black roast coffee",237.5135,"Good"
"wheat sesame",254.6716,"Good"
"breakfast cereal",270.6047,"Good"
"frozen bangus",295.8818,"Good"
"garlic pack",313.5904,"Good"
"cayenne pepper",324.3775,"Good"
"blueberries",348.71,"Good"
"watermelon",361.0838,"Good"
"bell pepper",378.8082,"Good"
"mayonnaise",0,"32"
"cotton buds",21.13546,"Good"
"cocoa powder",39.30959,"Good"
"mushrooms",58.1507,"Good"
"rice stick",74.15512,"Good"
"yogurt juice",90.79657,"Good"
"shampoo",107.4214,"Good"
"toilet papers",136.8669,"Good"
"deodorant",156.2117,"Good"
"liquid detergent",179.6168,"Good"
"pain relief oil",199.2749,"Good"
"baby wipes",217.9965,"Good"
"whole grain oats",249.2104,"Good"
"vanilla cake bar",268.74,"Good"
"breakfast cereal",286.7776,"Good"
"blueberries",310.782,"Good"
"frozen bangus",338.5625,"Good"
"bell pepper",358.79,"Good"
"cloves",379.3316,"Good"
"fries",397.0561,"Good"
"canned ham",0,"33"
"oyster sauce",17.97934,"Good"
"seaweed",37.43011,"Good"
"misua",58.42788,"Good"
"liquid detergent",85.67193,"Good"
"pet shampoo",101.6722,"Good"
"dishwashing liquid",117.3606,"Good"
"pain relief oil",135.328,"Good"
"deodorant",154.0486,"Good"
"hazelnut with cocoa spread",191.5257,"Good"
"whole grain oats",212.4478,"Good"
"breakfast cereal",230.5777,"Good"
"chicken cutlet",256.1877,"Good"
"fries",271.0798,"Good"
"grapes",292.8797,"Good"
"cloves",315.0111,"Good"
"garlic pack",325.797,"Good"
"ramen",0,"34"
"imported drinks",18.32132,"Good"
"seaweed",38.07073,"Good"
"mushrooms",57.83496,"Good"
"soy sauce",74.16258,"Good"
"potato chips",97.05099,"Good"
"deodorant",119.9225,"Good"
"air freshener",141.1919,"Good"
"hazelnut with cocoa spread",172.7185,"Good"
"black roast coffee",191.7516,"Good"
"prune juice",209.5519,"Good"
"whole grain oats",227.0406,"Good"
"chicken spread",248.5717,"Good"
"cloves",265.0449,"Good"
"cayenne pepper",275.8467,"Good"
"watermelon",297.9757,"Good"
"chicken cutlet",317.2871,"Good"
"misua",0,"35"
"mushrooms",16.72834,"Good"
"nori",33.05901,"Good"
"cocoa powder",49.05972,"Good"
"ramen",70.07307,"Good"
"baby wipes",97.94276,"Good"
"mosquito net",113.973,"Good"
"whitening lotion",130.617,"Good"
"facial wash",147.7725,"Good"
"pain relief oil",165.8684,"Good"
"pet shampoo",183.6526,"Good"
"soy milk drink strawberry flavor",211.4308,"Good"
"vanilla cake bar",230.4638,"Good"
"tacchino",258.2587,"Good"
"chicken cutlet",273.4507,"Good"
"sword pepper",293.0496,"Good"
"cotton buds",0,"36"
"soy sauce",16.41471,"Good"
"oyster sauce",33.04555,"Good"
"potato chips",54.35384,"Good"
"pain relief oil",78.16227,"Good"
"mosquito net",97.5992,"Good"
"liquid detergent",121.4066,"Good"
"deodorant",144.3529,"Good"
"baby wipes",160.8884,"Good"
"puto cheese",194.3041,"Good"
"soy milk drink strawberry flavor",214.6047,"Good"
"muffin",233.3253,"Good"
"vanilla cake bar",250.7953,"Good"
"grapes",275.1352,"Good"
"onion",295.9923,"Good"
"cloves",313.7153,"Good"
"blueberries",337.1052,"Good"
"tacchino",356.0869,"Good"
"yogurt juice",0,"37"
"mayonnaise",19.5576,"Good"
"shampoo",40.88332,"Good"
"nutella",61.88129,"Good"
"soy sauce",78.83457,"Good"
"mosquito net",107.6403,"Good"
"toilet papers",127.3879,"Good"
"liquid detergent",146.1429,"Good"
"whitening lotion",168.2978,"Good"
"air freshener",189.2047,"Good"
"caramel latte mix",214.1901,"Good"
"soy milk drink strawberry flavor",233.5511,"Good"
"black roast coffee",253.2249,"Good"
"white cheese",276.8836,"Good"
"grapes",293.3492,"Good"
"blueberries",308.8424,"Good"
"milk tea",0,"38"
"mushrooms",16.43034,"Good"
"imported drinks",32.76279,"Good"
"canned ham",52.21519,"Good"
"ramen",70.4017,"Good"
"rejuvenating serum",93.58598,"Good"
"deodorant",109.9126,"Good"
"mosquito net",125.617,"Good"
"air freshener",148.8881,"Good"
"whole grain oats",173.8576,"Good"
"cheddar spread",193.5139,"Good"
"soy milk drink strawberry flavor",216.0022,"Good"
"wheat sesame",236.5973,"Good"
"vanilla cake bar",254.6932,"Good"
"cayenne pepper",274.7136,"Good"
"frozen bangus",292.7368,"Good"
"chicken cutlet",310.7612,"Good"
"tacchino",325.9537,"Good"
"nutella",0,"39"
"nori",20.1491,"Good"
"ramen",38.32196,"Good"
"misua",58.99213,"Good"
"canned ham",78.11573,"Good"
"mushrooms",94.72513,"Good"
"yogurt juice",116.018,"Good"
"facial wash",141.3741,"Good"
"air freshener",163.5288,"Good"
"mosquito net",187.5606,"Good"
"wheat sesame",221.5849,"Good"
"hazelnut with cocoa spread",240.9297,"Good"
"prune juice",262.8422,"Good"
"puto cheese",279.293,"Good"
"chicken cutlet",303.297,"Good"
"onion",318.8032,"Good"
"watermelon",339.331,"Good"
"misua",0,"40"
"cotton buds",16.39908,"Good"
"oyster sauce",32.38872,"Good"
"choco pie",52.12141,"Good"
"nori",72.79169,"Good"
"baby wipes",99.41156,"Good"
"pet shampoo",119.1588,"Good"
"rejuvenating serum",138.8339,"Good"
"liquid detergent",160.07,"Good"
"whole grain oats",184.083,"Good"
"vanilla cake bar",204.3487,"Good"
"prune juice",224.3358,"Good"
"black roast coffee",241.1816,"Good"
"cloves",260.2472,"Good"
"sword pepper",285.8379,"Good"
"onion",306.6962,"Good"
"tacchino",323.4601,"Good"
"milk tea",0,"41"
"choco pie",20.79258,"Good"
"mushrooms",42.72762,"Good"
"yogurt juice",60.6023,"Good"
"oyster sauce",79.7259,"Good"
"imported drinks",96.6626,"Good"
"rejuvenating serum",122.345,"Good"
"toilet papers",141.6312,"Good"
"facial wash",161.2888,"Good"
"baby wipes",177.8242,"Good"
"paper plates",196.2149,"Good"
"black roast coffee",223.6822,"Good"
"vanilla cake bar",241.4487,"Good"
"caramel latte mix",258.9582,"Good"
"bell pepper",276.654,"Good"
"garlic pack",293.7353,"Good"
"sword pepper",319.6259,"Good"
"watermelon",335.7487,"Good"
"onion",357.8505,"Good"
"frozen bangus",375.859,"Good"
"white cheese",397.3314,"Good"
"ramen",0,"42"
"shampoo",19.21272,"Good"
"rice stick",35.83939,"Good"
"misua",49.02814,"Good"
"whitening lotion",78.16172,"Good"
"facial wash",94.16143,"Good"
"hazelnut with cocoa spread",130.447,"Good"
"muffin",147.2942,"Good"
"cheddar spread",166.9347,"Good"
"vanilla cake bar",186.5923,"Good"
"grapes",212.5201,"Good"
"blueberries",230.0097,"Good"
"cloves",255.5848,"Good"
"cayenne pepper",266.3533,"Good"
"tacchino",288.7679,"Good"
"frozen bangus",309.3099,"Good"
"oyster sauce",0,"43"
"cotton buds",16.39858,"Good"
"soy sauce",33.02943,"Good"
"yogurt juice",51.21545,"Good"
"seaweed",70.33944,"Good"
"mushrooms",90.08669,"Good"
"ramen",109.8194,"Good"
"choco pie",128.6146,"Good"
"air freshener",153.8951,"Good"
"toilet papers",170.7414,"Good"
"pet shampoo",187.8837,"Good"
"pain relief oil",205.9796,"Good"
"black roast coffee",233.4465,"Good"
"muffin",250.9178,"Good"
"grapes",277.1262,"Good"
"cayenne pepper",299.2434,"Good"
"fries",317.5809,"Good"
"garlic pack",335.291,"Good"
"chicken cutlet",355.2043,"Good"
"tacchino",370.3956,"Good"
"chocolate cake bar",0,"44"
"mayonnaise",20.18175,"Good"
"yogurt juice",39.93078,"Good"
"pet shampoo",69.98568,"Good"
"pain relief oil",86.92398,"Good"
"facial wash",104.7972,"Good"
"toilet papers",123.2965,"Good"
"whitening lotion",142.313,"Good"
"liquid detergent",164.4854,"Good"
"breakfast cereal",187.8909,"Good"
"prune juice",200.3666,"Good"
"caramel latte mix",218.1653,"Good"
"hazelnut with cocoa spread",237.8397,"Good"
"whole grain oats",258.7844,"Good"
"soy milk drink strawberry flavor",274.6239,"Good"
"white cheese",302.4177,"Good"
"grapes",318.8685,"Good"
"bell pepper",335.6484,"Good"
"onion",356.5164,"Good"
"tacchino",372.9812,"Good"
"fries",390.3911,"Good"
"chocolate cake bar",0,"45"
"imported drinks",17.35209,"Good"
"canned ham",37.74393,"Good"
"ramen",55.02451,"Good"
"oyster sauce",72.92973,"Good"
"pain relief oil",99.56409,"Good"
"toilet papers",115.5804,"Good"
"mosquito net",135.6559,"Good"
"baby wipes",152.2078,"Good"
"paper plates",170.9444,"Good"
"whole grain oats",197.8014,"Good"
"cheddar spread",218.1008,"Good"
"hazelnut with cocoa spread",235.8846,"Good"
"breakfast cereal",257.758,"Good"
"wheat sesame",273.5805,"Good"
"puto cheese",288.7714,"Good"
"frozen bangus",313.0895,"Good"
"chicken cutlet",330.799,"Good"
"seaweed",0,"46"
"oyster sauce",18.93095,"Good"
"choco pie",38.68158,"Good"
"rice stick",61.86395,"Good"
"cocoa powder",78.50499,"Good"
"imported drinks",94.81643,"Good"
"facial wash",121.7492,"Good"
"pet shampoo",143.4715,"Good"
"mosquito net",166.2535,"Good"
"chicken spread",204.3717,"Good"
"muffin",221.8604,"Good"
"prune juice",242.7658,"Good"
"black roast coffee",260.2879,"Good"
"bell pepper",280.2286,"Good"
"blueberries",299.8412,"Good"
"fries",324.7764,"Good"
"white cheese",343.4439,"Good"
"frozen bangus",364.6153,"Good"
"seaweed",0,"47"
"rice stick",22.057,"Good"
"ramen",38.05691,"Good"
"mayonnaise",59.05488,"Good"
"nutella",75.68034,"Good"
"paper plates",103.2369,"Good"
"toilet papers",116.7385,"Good"
"pet shampoo",134.4893,"Good"
"pain relief oil",152.2897,"Good"
"baby wipes",170.3853,"Good"
"whitening lotion",186.9368,"Good"
"wheat sesame",218.4797,"Good"
"breakfast cereal",236.2634,"Good"
"hazelnut with cocoa spread",258.123,"Good"
"soy milk drink strawberry flavor",274.8881,"Good"
"black roast coffee",293.2414,"Good"
"cheddar spread",308.7357,"Good"
"tacchino",331.1797,"Good"
"sword pepper",348.2604,"Good"
"white cheese",364.0818,"Good"
"grapes",383.0503,"Good"
"nori",0,"48"
"cotton buds",17.04046,"Good"
"oyster sauce",33.35587,"Good"
"milk tea",51.55896,"Good"
"soy sauce",72.86826,"Good"
"shampoo",93.55401,"Good"
"whitening lotion",122.0623,"Good"
"baby wipes",138.5003,"Good"
"paper plates",157.5337,"Good"
"caramel latte mix",184.6862,"Good"
"black roast coffee",201.5334,"Good"
"muffin",219.0057,"Good"
"whole grain oats",238.9758,"Good"
"white cheese",266.5549,"Good"
"tacchino",281.7439,"Good"
"blueberries",300.7273,"Good"
"onion",322.8441,"Good"
"chicken cutlet",338.9796,"Good"
"cayenne pepper",358.9065,"Good"
"frozen bangus",376.3014,"Good"
"mayonnaise",0,"49"
"rice stick",21.74609,"Good"
"mushrooms",38.69895,"Good"
"ramen",57.19729,"Good"
"nori",78.19526,"Good"
"air freshener",107.0155,"Good"
"pain relief oil",123.9537,"Good"
"toilet papers",140.5366,"Good"
"deodorant",159.5867,"Good"
"black roast coffee",191.4247,"Good"
"muffin",209.221,"Good"
"grapes",235.7671,"Good"
"frozen bangus",262.344,"Good"
"fries",277.5497,"Good"
"bell pepper",294.345,"Good"
"rice stick",0,"50"
"cotton buds",17.36872,"Good"
"nori",34.96455,"Good"
"potato chips",54.72928,"Good"
"dishwashing liquid",80.41167,"Good"
"baby wipes",102.6585,"Good"
"facial wash",118.9701,"Good"
"mosquito net",135.4824,"Good"
"rejuvenating serum",153.8907,"Good"
"paper plates",173.5484,"Good"
"wheat sesame",201.9512,"Good"
"muffin",221.297,"Good"
"cheddar spread",240.3509,"Good"
"chicken spread",258.151,"Good"
"grapes",281.2239,"Good"
"tacchino",297.9895,"Good"
"cloves",319.4762,"Good"
"white cheese",342.2213,"Good"
"mayonnaise",0,"51"
"misua",21.11973,"Good"
"rice stick",34.62281,"Good"
"choco pie",60.61804,"Good"
"ramen",80.6926,"Good"
"oyster sauce",100.4567,"Good"
"canned ham",116.7689,"Good"
"deodorant",145.6217,"Good"
"pet shampoo",167.778,"Good"
"baby wipes",188.6849,"Good"
"mosquito net",205.532,"Good"
"air freshener",229.2495,"Good"
"facial wash",251.0939,"Good"
"cheddar spread",284.7845,"Good"
"hazelnut with cocoa spread",300.6071,"Good"
"muffin",316.756,"Good"
"black roast coffee",332.5789,"Good"
"blueberries",355.9676,"Good"
"onion",379.3381,"Good"
"cayenne pepper",397.3628,"Good"
"grapes",419.1638,"Good"
"soy sauce",0,"52"
"potato chips",21.11933,"Good"
"cocoa powder",40.86809,"Good"
"nutella",61.24201,"Good"
"nori",81.30099,"Good"
"imported drinks",98.25677,"Good"
"chocolate cake bar",115.8332,"Good"
"pet shampoo",146.2176,"Good"
"baby wipes",166.8112,"Good"
"whitening lotion",183.9696,"Good"
"wheat sesame",215.4968,"Good"
"breakfast cereal",233.5923,"Good"
"vanilla cake bar",253.5632,"Good"
"fries",278.1349,"Good"
"grapes",300.5663,"Good"
"blueberries",316.3867,"Good"
"oyster sauce",0,"53"
"chocolate cake bar",20.47935,"Good"
"nori",37.41874,"Good"
"canned ham",58.41422,"Good"
"yogurt juice",80.36424,"Good"
"pain relief oil",107.2959,"Good"
"air freshener",124.2331,"Good"
"pet shampoo",138.0437,"Good"
"liquid detergent",158.0294,"Good"
"dishwashing liquid",174.8765,"Good"
"vanilla cake bar",203.905,"Good"
"muffin",222.3291,"Good"
"hazelnut with cocoa spread",239.8013,"Good"
"breakfast cereal",261.39,"Good"
"prune juice",272.1764,"Good"
"bell pepper",293.0328,"Good"
"watermelon",312.6311,"Good"
"tacchino",330.0255,"Good"
"frozen bangus",350.2523,"Good"
"choco pie",0,"54"
"ramen",20.79148,"Good"
"shampoo",41.49278,"Good"
"soy sauce",58.44555,"Good"
"mushrooms",75.08639,"Good"
"cocoa powder",92.96057,"Good"
"potato chips",112.7233,"Good"
"whitening lotion",134.6583,"Good"
"paper plates",154.315,"Good"
"baby wipes",172.7233,"Good"
"muffin",208.9358,"Good"
"breakfast cereal",229.5295,"Good"
"cayenne pepper",250.4359,"Good"
"garlic pack",261.9388,"Good"
"white cheese",285.9427,"Good"
"onion",303.3514,"Good"
"bell pepper",319.1732,"Good"
"blueberries",338.155,"Good"
"frozen bangus",365.6218,"Good"
"sword pepper",390.5692,"Good"
"mushrooms",0,"55"
"choco pie",22.36924,"Good"
"ramen",42.4566,"Good"
"cocoa powder",61.28224,"Good"
"rice stick",77.58001,"Good"
"oyster sauce",93.90662,"Good"
"imported drinks",110.533,"Good"
"canned ham",130.2957,"Good"
"air freshener",154.048,"Good"
"mosquito net",177.4521,"Good"
"baby wipes",194.2992,"Good"
"soy milk drink strawberry flavor",228.325,"Good"
"breakfast cereal",246.42,"Good"
"chicken spread",266.8989,"Good"
"caramel latte mix",284.2937,"Good"
"puto cheese",299.7999,"Good"
"wheat sesame",316.5522,"Good"
"white cheese",338.9824,"Good"
"sword pepper",355.1195,"Good"
"garlic pack",380.6959,"Good"
"cloves",391.4834,"Good"
"seaweed",0,"56"
"imported drinks",20.16533,"Good"
"oyster sauce",37.08955,"Good"
"cocoa powder",56.54095,"Good"
"rice stick",73.16631,"Good"
"misua",86.665,"Good"
"soy sauce",106.7419,"Good"
"ramen",124.9599,"Good"
"toilet papers",152.2402,"Good"
"pain relief oil",169.086,"Good"
"deodorant",187.4938,"Good"
"soy milk drink strawberry flavor",220.8938,"Good"
"prune juice",239.3189,"Good"
"chicken spread",260.5733,"Good"
"tacchino",284.2631,"Good"
"frozen bangus",304.8326,"Good"
"garlic pack",322.8571,"Good"
"fries",340.8814,"Good"
"milk tea",0,"57"
"mayonnaise",19.54047,"Good"
"nori",39.61741,"Good"
"misua",56.58606,"Good"
"mosquito net",84.47082,"Good"
"pet shampoo",106.4048,"Good"
"deodorant",127.4173,"Good"
"whole grain oats",158.632,"Good"
"breakfast cereal",176.7438,"Good"
"cheddar spread",196.4019,"Good"
"white cheese",221.073,"Good"
"chicken cutlet",238.5619,"Good"
"onion",256.0504,"Good"
"sword pepper",278.1644,"Good"
"fries",300.2959,"Good"
"milk tea",0,"58"
"choco pie",21.12023,"Good"
"chocolate cake bar",41.80658,"Good"
"ramen",59.05611,"Good"
"soy sauce",78.17961,"Good"
"misua",97.94204,"Good"
"shampoo",114.8958,"Good"
"facial wash",144.3261,"Good"
"paper plates",164.2966,"Good"
"rejuvenating serum",183.3459,"Good"
"pet shampoo",203.6282,"Good"
"liquid detergent",220.803,"Good"
"mosquito net",245.4426,"Good"
"cheddar spread",281.2607,"Good"
"hazelnut with cocoa spread",297.4121,"Good"
"vanilla cake bar",312.6178,"Good"
"chicken spread",329.3972,"Good"
"garlic pack",345.2343,"Good"
"onion",362.9573,"Good"
"blueberries",385.074,"Good"
"fries",409.7073,"Good"
"nori",0,"59"
"misua",16.42944,"Good"
"cotton buds",34.01071,"Good"
"potato chips",57.83471,"Good"
"imported drinks",78.20902,"Good"
"rice stick",95.16129,"Good"
"cocoa powder",111.8002,"Good"
"milk tea",128.4426,"Good"
"liquid detergent",158.7523,"Good"
"rejuvenating serum",179.6428,"Good"
"dishwashing liquid",200.565,"Good"
"mosquito net",225.2198,"Good"
"puto cheese",261.1535,"Good"
"chicken spread",278.8863,"Good"
"cheddar spread",295.6518,"Good"
"black roast coffee",311.489,"Good"
"watermelon",332.9742,"Good"
"chicken cutlet",352.2569,"Good"
"garlic pack",372.1707,"Good"
"cloves",382.9744,"Good"
"soy sauce",0,"60"
"shampoo",19.86883,"Good"
"potato chips",41.82042,"Good"
"canned ham",62.50555,"Good"
"ramen",79.45832,"Good"
"nori",101.0959,"Good"
"nutella",121.4693,"Good"
"mushrooms",139.1098,"Good"
"milk tea",160.9547,"Good"
"choco pie",182.4859,"Good"
"baby wipes",208.4058,"Good"
"dishwashing liquid",231.1878,"Good"
"whole grain oats",255.5299,"Good"
"breakfast cereal",271.9915,"Good"
"chicken spread",291.5898,"Good"
"vanilla cake bar",308.6691,"Good"
"wheat sesame",324.532,"Good"
"grapes",344.7732,"Good"
"cotton buds",0,"61"
"imported drinks",16.74457,"Good"
"mushrooms",34.32443,"Good"
"yogurt juice",51.91734,"Good"
"air freshener",81.66359,"Good"
"toilet papers",97.97574,"Good"
"liquid detergent",115.8514,"Good"
"facial wash",138.409,"Good"
"pet shampoo",160.582,"Good"
"chicken spread",190.8598,"Good"
"black roast coffee",209.2839,"Good"
"whole grain oats",226.7734,"Good"
"wheat sesame",244.8685,"Good"
"hazelnut with cocoa spread",263.7746,"Good"
"cayenne pepper",280.5533,"Good"
"blueberries",304.5587,"Good"
"cocoa powder",0,"62"
"imported drinks",17.99447,"Good"
"misua",35.27637,"Good"
"yogurt juice",51.90285,"Good"
"oyster sauce",71.35365,"Good"
"paper plates",97.67526,"Good"
"liquid detergent",115.5509,"Good"
"whitening lotion",136.8593,"Good"
"mosquito net",154.0183,"Good"
"air freshener",177.7377,"Good"
"dishwashing liquid",194.5835,"Good"
"rejuvenating serum",215.5065,"Good"
"caramel latte mix",244.535,"Good"
"cheddar spread",261.2707,"Good"
"prune juice",278.6662,"Good"
"muffin",297.949,"Good"
"cayenne pepper",316.6033,"Good"
"onion",334.3125,"Good"
"sword pepper",356.1272,"Good"
"misua",0,"63"
"canned ham",18.91582,"Good"
"chocolate cake bar",41.49287,"Good"
"seaweed",60.9293,"Good"
"imported drinks",80.98878,"Good"
"oyster sauce",97.63073,"Good"
"air freshener",122.0789,"Good"
"facial wash",143.2029,"Good"
"mosquito net",160.361,"Good"
"dishwashing liquid",185.0325,"Good"
"pet shampoo",202.504,"Good"
"cheddar spread",231.2206,"Good"
"breakfast cereal",250.2703,"Good"
"puto cheese",267.7271,"Good"
"white cheese",292.6762,"Good"
"fries",311.0152,"Good"
"cayenne pepper",329.9975,"Good"
"chicken cutlet",349.9243,"Good"
"mushrooms",0,"64"
"nutella",19.5577,"Good"
"nori",39.63401,"Good"
"mayonnaise",59.38326,"Good"
"cotton buds",80.70753,"Good"
"rice stick",97.332,"Good"
"paper plates",126.4675,"Good"
"whitening lotion",146.0535,"Good"
"deodorant",162.6056,"Good"
"rejuvenating serum",180.0912,"Good"
"black roast coffee",209.4301,"Good"
"whole grain oats",227.2308,"Good"
"cheddar spread",247.5466,"Good"
"breakfast cereal",265.7413,"Good"
"hazelnut with cocoa spread",286.2823,"Good"
"cayenne pepper",303.6778,"Good"
"fries",322.3601,"Good"
"potato chips",0,"65"
"mushrooms",22.68136,"Good"
"mayonnaise",42.44619,"Good"
"nutella",54.07481,"Good"
"imported drinks",76.02335,"Good"
"oyster sauce",92.64972,"Good"
"canned ham",109.9138,"Good"
"soy sauce",126.5552,"Good"
"shampoo",147.0856,"Good"
"misua",164.8863,"Good"
"chocolate cake bar",182.9986,"Good"
"liquid detergent",215.7918,"Good"
"air freshener",232.9493,"Good"
"mosquito net",256.6737,"Good"
"baby wipes",272.1932,"Good"
"vanilla cake bar",305.9542,"Good"
"breakfast cereal",323.9774,"Good"
"cayenne pepper",342.9608,"Good"
"soy sauce",0,"66"
"choco pie",20.18185,"Good"
"oyster sauce",40.25867,"Good"
"milk tea",58.13436,"Good"
"toilet papers",87.56429,"Good"
"dishwashing liquid",104.8288,"Good"
"facial wash",127.0757,"Good"
"rejuvenating serum",144.8533,"Good"
"whitening lotion",161.3887,"Good"
"liquid detergent",183.548,"Good"
"vanilla cake bar",212.2593,"Good"
"puto cheese",229.4372,"Good"
"wheat sesame",246.91,"Good"
"hazelnut with cocoa spread",265.5238,"Good"
"caramel latte mix",283.8776,"Good"
"garlic pack",301.2863,"Good"
"onion",318.9954,"Good"
"sword pepper",339.8398,"Good"
"potato chips",0,"67"
"seaweed",19.54086,"Good"
"soy sauce",37.41693,"Good"
"misua",58.13311,"Good"
"oyster sauce",74.46123,"Good"
"ramen",93.89806,"Good"
"cotton buds",115.5208,"Good"
"nori",133.0811,"Good"
"chocolate cake bar",150.8811,"Good"
"pet shampoo",182.4253,"Good"
"mosquito net",205.5181,"Good"
"paper plates",226.4246,"Good"
"air freshener",243.6002,"Good"
"liquid detergent",260.8006,"Good"
"puto cheese",286.378,"Good"
"caramel latte mix",301.899,"Good"
"breakfast cereal",316.7773,"Good"
"garlic pack",335.7453,"Good"
"white cheese",359.1208,"Good"
"frozen bangus",380.3061,"Good"
"grapes",405.254,"Good"
"imported drinks",0,"68"
"cocoa powder",17.05608,"Good"
"canned ham",39.00935,"Good"
"mayonnaise",56.58567,"Good"
"potato chips",77.28638,"Good"
"mushrooms",100.4866,"Good"
"oyster sauce",117.1276,"Good"
"choco pie",137.2612,"Good"
"chocolate cake bar",159.1056,"Good"
"mosquito net",186.2594,"Good"
"facial wash",203.1233,"Good"
"dishwashing liquid",226.2335,"Good"
"hazelnut with cocoa spread",257.1431,"Good"
"soy milk drink strawberry flavor",274.2371,"Good"
"breakfast cereal",291.3139,"Good"
"tacchino",315.9763,"Good"
"cloves",337.4625,"Good"
"oyster sauce",0,"69"
"rice stick",16.72834,"Good"
"imported drinks",33.04404,"Good"
"potato chips",53.41786,"Good"
"misua",74.4299,"Good"
"chocolate cake bar",92.02221,"Good"
"air freshener",121.7809,"Good"
"deodorant",143.1944,"Good"
"facial wash",157.543,"Good"
"pet shampoo",182.5258,"Good"
"dishwashing liquid",199.3897,"Good"
"toilet papers",217.8142,"Good"
"caramel latte mix",245.5939,"Good"
"chicken spread",264.0186,"Good"
"puto cheese",282.3576,"Good"
"vanilla cake bar",297.5787,"Good"
"soy milk drink strawberry flavor",314.9886,"Good"
"whole grain oats",332.0822,"Good"
"prune juice",349.4771,"Good"
"blueberries",373.7966,"Good"
"sword pepper",389.6184,"Good"
"nutella",0,"70"
"canned ham",16.72894,"Good"
"chocolate cake bar",39.60444,"Good"
"soy sauce",59.97725,"Good"
"imported drinks",76.2884,"Good"
"yogurt juice",92.93024,"Good"
"oyster sauce",112.693,"Good"
"rejuvenating serum",141.1863,"Good"
"dishwashing liquid",161.7976,"Good"
"soy milk drink strawberry flavor",188.3269,"Good"
"prune juice",206.1444,"Good"
"cheddar spread",224.8817,"Good"
"caramel latte mix",242.6822,"Good"
"tacchino",267.1209,"Good"
"onion",284.2025,"Good"
"sword pepper",305.0603,"Good"
"bell pepper",320.8817,"Good"
"seaweed",0,"71"
"mayonnaise",11.72845,"Good"
"cocoa powder",32.44649,"Good"
"shampoo",49.72707,"Good"
"misua",66.35294,"Good"
"nori",83.60197,"Good"
"nutella",103.9754,"Good"
"milk tea",123.742,"Good"
"baby wipes",150.9642,"Good"
"facial wash",168.4538,"Good"
"vanilla cake bar",203.7273,"Good"
"soy milk drink strawberry flavor",222.4485,"Good"
"hazelnut with cocoa spread",242.1219,"Good"
"wheat sesame",260.8797,"Good"
"prune juice",276.7159,"Good"
"whole grain oats",292.8657,"Good"
"white cheese",319.3863,"Good"
"blueberries",337.0965,"Good"
"tacchino",356.3792,"Good"
"chicken cutlet",371.2446,"Good"
"garlic pack",390.8573,"Good"
"cocoa powder",0,"72"
"nutella",20.47995,"Good"
"canned ham",37.10542,"Good"
"ramen",54.66577,"Good"
"misua",75.07012,"Good"
"deodorant",102.6117,"Good"
"air freshener",123.6097,"Good"
"facial wash",145.1638,"Good"
"paper plates",164.821,"Good"
"dishwashing liquid",183.5866,"Good"
"pet shampoo",200.1204,"Good"
"puto cheese",228.2272,"Good"
"muffin",245.1073,"Good"
"chicken cutlet",272.8056,"Good"
"tacchino",287.6827,"Good"
"onion",304.4615,"Good"
"grapes",324.7036,"Good"
"nori",0,"73"
"soy sauce",21.74599,"Good"
"shampoo",41.49383,"Good"
"potato chips",64.05245,"Good"
"milk tea",82.8792,"Good"
"paper plates",112.3105,"Good"
"pain relief oil",129.2477,"Good"
"pet shampoo",147.3434,"Good"
"whitening lotion",168.2664,"Good"
"liquid detergent",190.7365,"Good"
"facial wash",213.8288,"Good"
"muffin",249.7269,"Good"
"whole grain oats",268.8699,"Good"
"prune juice",285.6481,"Good"
"cloves",305.877,"Good"
"fries",323.914,"Good"
"sword pepper",346.6597,"Good"
"frozen bangus",372.2367,"Good"
"potato chips",0,"74"
"rice stick",20.79258,"Good"
"cocoa powder",37.74584,"Good"
"ramen",56.57158,"Good"
"misua",76.96136,"Good"
"mushrooms",93.27251,"Good"
"shampoo",109.6005,"Good"
"imported drinks",126.227,"Good"
"toilet papers",157.3522,"Good"
"pain relief oil",174.8403,"Good"
"dishwashing liquid",193.8728,"Good"
"prune juice",217.2774,"Good"
"caramel latte mix",234.7669,"Good"
"vanilla cake bar",252.5501,"Good"
"wheat sesame",269.4139,"Good"
"cayenne pepper",283.9623,"Good"
"fries",302.9302,"Good"
"grapes",326.62,"Good"
"watermelon",337.4064,"Good"
"frozen bangus",364.885,"Good"
"canned ham",0,"75"
"nori",20.47985,"Good"
"seaweed",39.63499,"Good"
"misua",60.94328,"Good"
"milk tea",77.58523,"Good"
"mayonnaise",97.33238,"Good"
"soy sauce",114.582,"Good"
"potato chips",136.8453,"Good"
"imported drinks",158.3765,"Good"
"baby wipes",186.4665,"Good"
"rejuvenating serum",203.3131,"Good"
"liquid detergent",224.5501,"Good"
"black roast coffee",249.8291,"Good"
"caramel latte mix",266.4533,"Good"
"vanilla cake bar",282.903,"Good"
"chicken cutlet",307.8508,"Good"
"sword pepper",327.4482,"Good"
"cloves",352.7114,"Good"
"cotton buds",0,"76"
"potato chips",24.5435,"Good"
"seaweed",44.30731,"Good"
"misua",64.99296,"Good"
"nutella",86.30175,"Good"
"mushrooms",106.0505,"Good"
"imported drinks",122.6609,"Good"
"pet shampoo",151.6368,"Good"
"air freshener",165.9682,"Good"
"baby wipes",189.6689,"Good"
"pain relief oil",207.7821,"Good"
"whitening lotion",224.6128,"Good"
"muffin",259.2865,"Good"
"caramel latte mix",275.7235,"Good"
"soy milk drink strawberry flavor",293.7479,"Good"
"cheddar spread",314.2752,"Good"
"chicken spread",330.0981,"Good"
"watermelon",352.8565,"Good"
"bell pepper",372.7701,"Good"
"tacchino",390.7929,"Good"
"rice stick",0,"77"
"nori",17.04096,"Good"
"misua",33.98193,"Good"
"canned ham",52.77672,"Good"
"seaweed",70.3231,"Good"
"pet shampoo",97.88046,"Good"
"deodorant",118.8774,"Good"
"toilet papers",137.2572,"Good"
"baby wipes",155.34,"Good"
"mosquito net",172.495,"Good"
"vanilla cake bar",209.3139,"Good"
"black roast coffee",227.1148,"Good"
"caramel latte mix",244.2788,"Good"
"sword pepper",271.2922,"Good"
"tacchino",288.3868,"Good"
"onion",304.8365,"Good"
"white cheese",322.5468,"Good"
"bell pepper",341.8152,"Good"
"oyster sauce",0,"78"
"seaweed",18.29147,"Good"
"cocoa powder",38.33807,"Good"
"soy sauce",57.77499,"Good"
"mushrooms",75.00854,"Good"
"chocolate cake bar",94.44387,"Good"
"choco pie",115.4419,"Good"
"rice stick",138.9535,"Good"
"cotton buds",156.4258,"Good"
"whitening lotion",186.9972,"Good"
"baby wipes",203.8439,"Good"
"dishwashing liquid",226.9382,"Good"
"deodorant",250.0305,"Good"
"muffin",285.7946,"Good"
"white cheese",312.9303,"Good"
"bell pepper",328.1228,"Good"
"chicken cutlet",347.3917,"Good"
"garlic pack",367.305,"Good"
"seaweed",0,"79"
"canned ham",17.33656,"Good"
"ramen",35.19877,"Good"
"shampoo",57.11725,"Good"
"choco pie",81.22404,"Good"
"imported drinks",103.1425,"Good"
"mayonnaise",123.8432,"Good"
"mushrooms",144.7911,"Good"
"cocoa powder",164.1359,"Good"
"pet shampoo",195.0209,"Good"
"dishwashing liquid",212.4923,"Good"
"facial wash",235.5681,"Good"
"prune juice",265.2901,"Good"
"puto cheese",281.7415,"Good"
"soy milk drink strawberry flavor",300.6957,"Good"
"blueberries",328.162,"Good"
"onion",350.8928,"Good"
"sword pepper",371.7501,"Good"
"garlic pack",397.326,"Good"
"mayonnaise",0,"80"
"misua",21.1036,"Good"
"rice stick",34.29406,"Good"
"choco pie",60.89747,"Good"
"canned ham",79.38085,"Good"
"liquid detergent",101.6268,"Good"
"facial wash",123.8741,"Good"
"cheddar spread",157.9418,"Good"
"breakfast cereal",177.287,"Good"
"chicken spread",197.2405,"Good"
"whole grain oats",218.7555,"Good"
"black roast coffee",237.163,"Good"
"puto cheese",255.5723,"Good"
"onion",276.0957,"Good"
"blueberries",298.213,"Good"
"frozen bangus",325.3639,"Good"
"sword pepper",350.3258,"Good"
"tacchino",367.4207,"Good"
"cloves",389.5204,"Good"
"imported drinks",0,"81"
"milk tea",16.39808,"Good"
"nori",29.57495,"Good"
"cotton buds",49.63726,"Good"
"choco pie",72.1809,"Good"
"yogurt juice",92.86665,"Good"
"ramen",111.365,"Good"
"mosquito net",137.0324,"Good"
"deodorant",153.862,"Good"
"chicken spread",189.7602,"Good"
"hazelnut with cocoa spread",208.1851,"Good"
"breakfast cereal",229.7178,"Good"
"garlic pack",250.2953,"Good"
"watermelon",272.5169,"Good"
"cayenne pepper",294.0032,"Good"
"milk tea",0,"82"
"misua",16.39908,"Good"
"cocoa powder",33.02983,"Good"
"cotton buds",51.52768,"Good"
"canned ham",70.65078,"Good"
"yogurt juice",92.88259,"Good"
"liquid detergent",124.1864,"Good"
"facial wash",147.0515,"Good"
"deodorant",161.0876,"Good"
"whitening lotion",180.7444,"Good"
"hazelnut with cocoa spread",217.2521,"Good"
"caramel latte mix",237.5344,"Good"
"whole grain oats",255.0063,"Good"
"bell pepper",275.5809,"Good"
"frozen bangus",294.8642,"Good"
"cloves",312.5743,"Good"
"garlic pack",323.3613,"Good"
"choco pie",0,"83"
"nutella",21.08848,"Good"
"ramen",38.94769,"Good"
"cotton buds",59.63282,"Good"
"chocolate cake bar",78.75782,"Good"
"yogurt juice",95.99088,"Good"
"potato chips",115.4263,"Good"
"dishwashing liquid",142.0302,"Good"
"breakfast cereal",165.7662,"Good"
"prune juice",178.2236,"Good"
"vanilla cake bar",198.8168,"Good"
"cheddar spread",218.8035,"Good"
"frozen bangus",240.6488,"Good"
"onion",260.655,"Good"
"watermelon",280.8813,"Good"
"cayenne pepper",302.3676,"Good"
"grapes",323.8395,"Good"
"mushrooms",0,"84"
"choco pie",22.33798,"Good"
"seaweed",43.33615,"Good"
"yogurt juice",63.08431,"Good"
"milk tea",80.64617,"Good"
"rice stick",97.25658,"Good"
"nutella",118.2531,"Good"
"imported drinks",139.7237,"Good"
"baby wipes",167.798,"Good"
"pet shampoo",188.6877,"Good"
"air freshener",202.7245,"Good"
"toilet papers",222.3826,"Good"
"cheddar spread",252.659,"Good"
"wheat sesame",268.8645,"Good"
"hazelnut with cocoa spread",286.5588,"Good"
"prune juice",306.7862,"Good"
"chicken cutlet",331.1045,"Good"
"bell pepper",346.5968,"Good"
"white cheese",362.4054,"Good"
"cayenne pepper",384.8209,"Good"
"mayonnaise",0,"85"
"cotton buds",20.77535,"Good"
"milk tea",38.94698,"Good"
"ramen",55.8687,"Good"
"shampoo",75.92828,"Good"
"toilet papers",105.3596,"Good"
"pet shampoo",121.3593,"Good"
"mosquito net",144.3183,"Good"
"rejuvenating serum",163.0389,"Good"
"whitening lotion",180.5078,"Good"
"dishwashing liquid",202.3682,"Good"
"hazelnut with cocoa spread",233.2691,"Good"
"soy milk drink strawberry flavor",252.008,"Good"
"cloves",275.1823,"Good"
"bell pepper",291.9628,"Good"
"garlic pack",309.0445,"Good"
"oyster sauce",0,"86"
"milk tea",17.97794,"Good"
"cocoa powder",35.26085,"Good"
"chocolate cake bar",52.19805,"Good"
"seaweed",71.9457,"Good"
"ramen",92.64692,"Good"
"misua",105.8517,"Good"
"shampoo",124.9742,"Good"
"potato chips",147.5713,"Good"
"nori",168.1823,"Good"
"whitening lotion",194.3997,"Good"
"air freshener",214.9934,"Good"
"facial wash",236.8374,"Good"
"mosquito net",253.684,"Good"
"pet shampoo",275.4073,"Good"
"hazelnut with cocoa spread",305.7055,"Good"
"breakfast cereal",325.9334,"Good"
"soy milk drink strawberry flavor",342.0694,"Good"
"bell pepper",365.7719,"Good"
"tacchino",384.1125,"Good"
"rice stick",0,"87"
"soy sauce",17.66532,"Good"
"yogurt juice",35.85601,"Good"
"misua",52.48137,"Good"
"nutella",73.49342,"Good"
"rejuvenating serum",99.19189,"Good"
"deodorant",115.5034,"Good"
"facial wash",128.6937,"Good"
"toilet papers",150.5543,"Good"
"paper plates",164.5901,"Good"
"chicken spread",198.3192,"Good"
"whole grain oats",219.539,"Good"
"black roast coffee",237.9459,"Good"
"caramel latte mix",256.0438,"Good"
"soy milk drink strawberry flavor",274.0546,"Good"
"onion",298.3865,"Good"
"frozen bangus",316.7271,"Good"
"canned ham",0,"88"
"cotton buds",18.61922,"Good"
"mushrooms",36.18414,"Good"
"mosquito net",65.30215,"Good"
"baby wipes",82.23934,"Good"
"toilet papers",99.50344,"Good"
"air freshener",115.5192,"Good"
"deodorant",136.5322,"Good"
"cheddar spread",170.8693,"Good"
"black roast coffee",188.67,"Good"
"whole grain oats",206.1266,"Good"
"vanilla cake bar",227.0331,"Good"
"bell pepper",249.205,"Good"
"garlic pack",267.4779,"Good"
"sword pepper",292.7251,"Good"
"grapes",309.1764,"Good"
"fries",333.1804,"Good"
"chicken cutlet",349.3313,"Good"
"tacchino",365.7827,"Good"
"white cheese",380.9879,"Good"
"cloves",404.0615,"Good"
"chocolate cake bar",0,"89"
"misua",17.99557,"Good"
"mushrooms",34.6233,"Good"
"cocoa powder",52.80981,"Good"
"seaweed",72.24524,"Good"
"deodorant",98.56676,"Good"
"rejuvenating serum",115.2087,"Good"
"toilet papers",133.722,"Good"
"facial wash",153.3958,"Good"
"paper plates",173.384,"Good"
"caramel latte mix",200.2242,"Good"
"cheddar spread",217.0553,"Good"
"grapes",239.5416,"Good"
"watermelon",253.5768,"Good"
"cayenne pepper",277.8759,"Good"
"nori",0,"90"
"cotton buds",17.36782,"Good"
"seaweed",39.00836,"Good"
"milk tea",57.81963,"Good"
"choco pie",78.17776,"Good"
"yogurt juice",98.86571,"Good"
"mushrooms",116.7993,"Good"
"chocolate cake bar",136.2588,"Good"
"nutella",157.1652,"Good"
"mosquito net",184.9443,"Good"
"pain relief oil",204.9149,"Good"
"toilet papers",222.0724,"Good"
"facial wash",241.4182,"Good"
"cheddar spread",275.6087,"Good"
"whole grain oats",293.9461,"Good"
"chicken spread",313.8603,"Good"
"muffin",330.0249,"Good"
"blueberries",356.8745,"Good"
"onion",379.3202,"Good"
"cloves",397.0435,"Good"
"soy sauce",0,"91"
"mayonnaise",17.36782,"Good"
"chocolate cake bar",38.36824,"Good"
"canned ham",60.61552,"Good"
"nutella",78.80264,"Good"
"oyster sauce",97.92564,"Good"
"yogurt juice",116.7375,"Good"
"nori",133.7189,"Good"
"shampoo",151.503,"Good"
"pet shampoo",180.8595,"Good"
"pain relief oil",198.9712,"Good"
"liquid detergent",218.3332,"Good"
"paper plates",237.0695,"Good"
"whole grain oats",263.6579,"Good"
"soy milk drink strawberry flavor",281.082,"Good"
"puto cheese",300.0637,"Good"
"grapes",322.8232,"Good"
"tacchino",340.2188,"Good"
"garlic pack",361.3901,"Good"
"cloves",372.1765,"Good"
"cayenne pepper",383.592,"Good"
"potato chips",0,"92"
"ramen",17.67934,"Good"
"cocoa powder",36.49477,"Good"
"nori",54.39999,"Good"
"soy sauce",72.27368,"Good"
"pet shampoo",97.95708,"Good"
"air freshener",111.1614,"Good"
"dishwashing liquid",129.6593,"Good"
"hazelnut with cocoa spread",160.5608,"Good"
"soy milk drink strawberry flavor",179.2829,"Good"
"prune juice",198.0188,"Good"
"caramel latte mix",216.4448,"Good"
"breakfast cereal",234.2453,"Good"
"grapes",258.3097,"Good"
"chicken cutlet",278.2224,"Good"
"seaweed",0,"93"
"choco pie",21.1037,"Good"
"imported drinks",43.0703,"Good"
"milk tea",60.0075,"Good"
"potato chips",79.13209,"Good"
"cotton buds",102.6427,"Good"
"misua",119.2685,"Good"
"toilet papers",149.2329,"Good"
"baby wipes",168.283,"Good"
"rejuvenating serum",185.4745,"Good"
"whole grain oats",214.501,"Good"
"puto cheese",234.1758,"Good"
"sword pepper",261.6855,"Good"
"frozen bangus",286.962,"Good"
"white cheese",309.0929,"Good"
"cayenne pepper",333.0959,"Good"
"fries",352.0644,"Good"
"cocoa powder",0,"94"
"shampoo",17.04056,"Good"
"cotton buds",34.30881,"Good"
"mayonnaise",54.71367,"Good"
"mushrooms",74.78914,"Good"
"pain relief oil",102.6749,"Good"
"mosquito net",122.1257,"Good"
"air freshener",144.8145,"Good"
"paper plates",161.9568,"Good"
"whitening lotion",181.3027,"Good"
"liquid detergent",203.4604,"Good"
"vanilla cake bar",231.8617,"Good"
"chicken spread",250.8958,"Good"
"wheat sesame",267.6812,"Good"
"hazelnut with cocoa spread",286.6646,"Good"
"blueberries",313.8155,"Good"
"chicken cutlet",336.2454,"Good"
"tacchino",351.4367,"Good"
"frozen bangus",371.9793,"Good"
"fries",387.4861,"Good"
"rice stick",0,"95"
"nori",17.04106,"Good"
"yogurt juice",33.98203,"Good"
"milk tea",51.24662,"Good"
"air freshener",81.31759,"Good"
"rejuvenating serum",99.81602,"Good"
"pet shampoo",118.956,"Good"
"prune juice",142.9783,"Good"
"vanilla cake bar",162.9511,"Good"
"puto cheese",180.751,"Good"
"hazelnut with cocoa spread",198.2229,"Good"
"fries",222.2694,"Good"
"grapes",246.2996,"Good"
"cayenne pepper",269.406,"Good"
"white cheese",291.8374,"Good"
"ramen",0,"96"
"rice stick",17.05669,"Good"
"seaweed",38.68208,"Good"
"oyster sauce",57.1965,"Good"
"yogurt juice",76.30472,"Good"
"dishwashing liquid",106.6881,"Good"
"toilet papers",124.8746,"Good"
"pain relief oil",141.8807,"Good"
"vanilla cake bar",173.1122,"Good"
"puto cheese",190.9121,"Good"
"whole grain oats",210.5688,"Good"
"cheddar spread",230.8688,"Good"
"frozen bangus",252.7114,"Good"
"grapes",278.0364,"Good"
"onion",298.5917,"Good"
"soy sauce",0,"97"
"choco pie",19.86823,"Good"
"cocoa powder",41.50649,"Good"
"cotton buds",59.70948,"Good"
"shampoo",76.33495,"Good"
"baby wipes",106.7023,"Good"
"whitening lotion",122.7015,"Good"
"mosquito net",140.1261,"Good"
"pet shampoo",163.5483,"Good"
"hazelnut with cocoa spread",195.3863,"Good"
"breakfast cereal",216.9184,"Good"
"wheat sesame",234.3902,"Good"
"muffin",253.7513,"Good"
"cheddar spread",271.6419,"Good"
"garlic pack",287.4781,"Good"
"grapes",310.5509,"Good"
"frozen bangus",337.4015,"Good"
"shampoo",0,"98"
"cotton buds",17.35309,"Good"
"mushrooms",33.98254,"Good"
"choco pie",55.60466,"Good"
"yogurt juice",76.28931,"Good"
"nori",92.91477,"Good"
"oyster sauce",110.789,"Good"
"misua",127.4279,"Good"
"mosquito net",156.473,"Good"
"deodorant",173.9616,"Good"
"toilet papers",193.6178,"Good"
"prune juice",219.522,"Good"
"bell pepper",241.6949,"Good"
"white cheese",262.0412,"Good"
"grapes",278.5052,"Good"
"garlic pack",300.3058,"Good"
"tacchino",322.121,"Good"
"chicken cutlet",337.3278,"Good"
"rice stick",0,"99"
"cotton buds",17.68084,"Good"
"canned ham",35.88708,"Good"
"seaweed",53.46401,"Good"
"chocolate cake bar",74.47795,"Good"
"soy sauce",96.42797,"Good"
"oyster sauce",114.0194,"Good"
"pet shampoo",139.3899,"Good"
"paper plates",156.5484,"Good"
"air freshener",173.7241,"Good"
"rejuvenating serum",193.0699,"Good"
"muffin",227.0951,"Good"
"soy milk drink strawberry flavor",245.5029,"Good"
"black roast coffee",264.9469,"Good"
"cheddar spread",280.4404,"Good"
"sword pepper",305.7307,"Good"
"blueberries",322.1963,"Good"
"white cheese",340.2339,"Good"
"chicken cutlet",356.0568,"Good"
