"liquid detergent",0,"1"
"air freshener",14.94415,"Good"
"cotton buds",32.01874,"Good"
"facial wash",48.81212,"Good"
"rice stick",78.08999,"Good"
"nutella",99.03954,"Good"
"oyster sauce",116.5194,"Good"
"imported drinks",132.4717,"Good"
"misua",148.1579,"Good"
"chocolate cake bar",166.2003,"Good"
"yogurt juice",182.025,"Good"
"blueberries",198.4031,"Good"
"white cheese",217.4113,"Good"
"garlic pack",242.2576,"Good"
"onion",261.5955,"Good"
"muffin",285.5526,"Good"
"whole grain oats",304.0577,"Good"
"chicken spread",324.1017,"Good"
"wheat sesame",338.4087,"Good"
"liquid detergent",0,"2"
"pain relief oil",18.00028,"Good"
"toilet papers",33.40188,"Good"
"cotton buds",47.6876,"Good"
"chocolate cake bar",78.35471,"Good"
"potato chips",97.08368,"Good"
"choco pie",112.4788,"Good"
"imported drinks",134.9492,"Good"
"cocoa powder",150.7725,"Good"
"nutella",172.287,"Good"
"mushrooms",192.6913,"Good"
"canned ham",210.3216,"Good"
"seaweed",226.5623,"Good"
"nori",246.8275,"Good"
"soy sauce",269.1162,"Good"
"breakfast cereal",284.1237,"Good"
"hazelnut with cocoa spread",304.7272,"Good"
"sword pepper",336.0995,"Good"
"cayenne pepper",363.1351,"Good"
"fries",380.7994,"Good"
"toilet papers",0,"3"
"air freshener",14.66547,"Good"
"pain relief oil",29.80014,"Good"
"facial wash",45.61439,"Good"
"cotton buds",61.56024,"Good"
"whole grain oats",88.06354,"Good"
"hazelnut with cocoa spread",106.7914,"Good"
"soy milk drink strawberry flavor",123.1607,"Good"
"prune juice",139.1913,"Good"
"cheddar spread",156.8141,"Good"
"oyster sauce",179.718,"Good"
"misua",195.5409,"Good"
"imported drinks",226.4942,"Good"
"potato chips",246.2059,"Good"
"mushrooms",268.1649,"Good"
"milk tea",282.1955,"Good"
"cotton buds",0,"4"
"mosquito net",20.49859,"Good"
"rejuvenating serum",38.67298,"Good"
"air freshener",59.2146,"Good"
"toilet papers",75.58497,"Good"
"pet shampoo",91.40678,"Good"
"liquid detergent",107.914,"Good"
"chocolate cake bar",143.0207,"Good"
"mayonnaise",161.4808,"Good"
"muffin",178.9637,"Good"
"misua",205.7527,"Good"
"vanilla cake bar",234.0694,"Good"
"onion",262.0139,"Good"
"cayenne pepper",282.1954,"Good"
"frozen bangus",301.6802,"Good"
"rice stick",335.1512,"Good"
"choco pie",361.7649,"Good"
"nutella",385.3058,"Good"
"nutella",0,"5"
"seaweed",15.92218,"Good"
"rice stick",36.87698,"Good"
"mayonnaise",56.9944,"Good"
"soy sauce",72.3894,"Good"
"potato chips",93.47174,"Good"
"cheddar spread",118.1696,"Good"
"whole grain oats",136.4521,"Good"
"soy milk drink strawberry flavor",152.6906,"Good"
"chicken cutlet",182.5266,"Good"
"blueberries",205.5684,"Good"
"cloves",230.5527,"Good"
"tacchino",253.4579,"Good"
"watermelon",270.188,"Good"
"white cheese",285.8951,"Good"
"pet shampoo",320.903,"Good"
"deodorant",340.3864,"Good"
"dishwashing liquid",361.5507,"Good"
"pain relief oil",377.9585,"Good"
"facial wash",393.3855,"Good"
"prune juice",0,"6"
"hazelnut with cocoa spread",23.0009,"Good"
"chicken spread",37.84316,"Good"
"soy sauce",61.15071,"Good"
"mayonnaise",83.62792,"Good"
"oyster sauce",106.7979,"Good"
"vanilla cake bar",127.7481,"Good"
"canned ham",149.4027,"Good"
"rice stick",169.6667,"Good"
"potato chips",193.8103,"Good"
"nutella",216.013,"Good"
"whitening lotion",246.8282,"Good"
"liquid detergent",270.797,"Good"
"baby wipes",294.3373,"Good"
"cayenne pepper",336.8976,"Good"
"blueberries",363.5132,"Good"
"tacchino",383.6967,"Good"
"onion",400.8042,"Good"
"white cheese",419.1703,"Good"
"grapes",435.5771,"Good"
"watermelon",446.3902,"Good"
"cotton buds",0,"7"
"choco pie",21.60432,"Good"
"shampoo",43.94118,"Good"
"seaweed",64.47586,"Good"
"nori",82.78776,"Good"
"nutella",101.6528,"Good"
"frozen bangus",129.6799,"Good"
"chicken cutlet",148.0028,"Good"
"tacchino",163.1331,"Good"
"bell pepper",178.2626,"Good"
"watermelon",195.6128,"Good"
"white cheese",212.6875,"Good"
"hazelnut with cocoa spread",240.5799,"Good"
"black roast coffee",258.6436,"Good"
"prune juice",272.672,"Good"
"breakfast cereal",283.2059,"Good"
"muffin",301.1457,"Good"
"pet shampoo",329.4466,"Good"
"facial wash",348.9296,"Good"
"rejuvenating serum",362.1194,"Good"
"dishwashing liquid",380.4861,"Good"
"nutella",0,"8"
"oyster sauce",17.02478,"Good"
"mayonnaise",33.67443,"Good"
"nori",53.23794,"Good"
"rice stick",68.35811,"Good"
"ramen",83.33813,"Good"
"imported drinks",95.12542,"Good"
"misua",109.9616,"Good"
"potato chips",130.4958,"Good"
"cotton buds",154.9248,"Good"
"cloves",174.4997,"Good"
"grapes",197.54,"Good"
"sword pepper",214.6135,"Good"
"onion",237.1011,"Good"
"vanilla cake bar",260.5946,"Good"
"wheat sesame",276.3092,"Good"
"black roast coffee",289.4913,"Good"
"whole grain oats",304.6406,"Good"
"mosquito net",336.8492,"Good"
"deodorant",350.6006,"Good"
"facial wash",361.4111,"Good"
"tacchino",0,"9"
"watermelon",17.72146,"Good"
"cayenne pepper",39.50783,"Good"
"yogurt juice",61.29063,"Good"
"chicken cutlet",79.46561,"Good"
"blueberries",101.6639,"Good"
"mayonnaise",123.4468,"Good"
"canned ham",139.4964,"Good"
"rice stick",158.0894,"Good"
"mushrooms",173.7658,"Good"
"milk tea",189.9986,"Good"
"pet shampoo",220.9434,"Good"
"dishwashing liquid",236.3522,"Good"
"deodorant",259.4196,"Good"
"whitening lotion",272.6099,"Good"
"facial wash",285.9393,"Good"
"black roast coffee",317.0296,"Good"
"vanilla cake bar",331.0587,"Good"
"chicken spread",347.1852,"Good"
"muffin",362.3324,"Good"
"air freshener",0,"10"
"dishwashing liquid",14.248,"Good"
"cotton buds",31.47219,"Good"
"mosquito net",48.53605,"Good"
"mushrooms",77.1202,"Good"
"ramen",91.2692,"Good"
"imported drinks",111.1075,"Good"
"choco pie",131.6414,"Good"
"milk tea",151.9052,"Good"
"mayonnaise",170.643,"Good"
"nori",189.6582,"Good"
"grapes",207.0118,"Good"
"garlic pack",230.462,"Good"
"sword pepper",256.2827,"Good"
"chicken spread",281.5009,"Good"
"caramel latte mix",296.7873,"Good"
"whole grain oats",310.3968,"Good"
"blueberries",0,"11"
"garlic pack",25.77852,"Good"
"tacchino",49.08944,"Good"
"bell pepper",63.93176,"Good"
"sword pepper",83.76337,"Good"
"white cheese",99.99422,"Good"
"nutella",129.9589,"Good"
"rice stick",152.3067,"Good"
"misua",164.8003,"Good"
"imported drinks",180.7552,"Good"
"facial wash",210.4516,"Good"
"liquid detergent",234.7424,"Good"
"rejuvenating serum",256.2614,"Good"
"deodorant",270.2896,"Good"
"soy milk drink strawberry flavor",306.4157,"Good"
"breakfast cereal",321.2818,"Good"
"vanilla cake bar",339.508,"Good"
"black roast coffee",353.9559,"Good"
"cotton buds",0,"12"
"shampoo",14.66507,"Good"
"rejuvenating serum",29.79805,"Good"
"paper plates",49.91732,"Good"
"baby wipes",69.06096,"Good"
"chicken spread",116.3815,"Good"
"vanilla cake bar",135.6662,"Good"
"misua",163.9812,"Good"
"oyster sauce",179.3906,"Good"
"soy sauce",195.4905,"Good"
"muffin",216.1655,"Good"
"black roast coffee",234.6286,"Good"
"cocoa powder",261.7395,"Good"
"rice stick",278.4247,"Good"
"seaweed",302.8028,"Good"
"nutella",317.5336,"Good"
"choco pie",341.4915,"Good"
"fries",379.8562,"Good"
"frozen bangus",395.8416,"Good"
"chicken cutlet",415.6045,"Good"
"onion",431.7337,"Good"
"wheat sesame",0,"13"
"chocolate cake bar",16.60851,"Good"
"black roast coffee",31.31617,"Good"
"puto cheese",46.2975,"Good"
"imported drinks",66.69116,"Good"
"seaweed",86.11336,"Good"
"milk tea",104.2871,"Good"
"choco pie",123.9875,"Good"
"yogurt juice",144.7983,"Good"
"deodorant",171.0324,"Good"
"whitening lotion",186.0231,"Good"
"white cheese",220.0305,"Good"
"tacchino",234.8828,"Good"
"blueberries",254.5931,"Good"
"fries",278.2928,"Good"
"grapes",299.3151,"Good"
"oyster sauce",0,"14"
"cotton buds",14.94155,"Good"
"potato chips",38.40385,"Good"
"shampoo",59.77157,"Good"
"chocolate cake bar",77.10981,"Good"
"nutella",96.81264,"Good"
"imported drinks",117.6246,"Good"
"soy sauce",132.6705,"Good"
"cocoa powder",151.6872,"Good"
"pain relief oil",180.0031,"Good"
"frozen bangus",219.4219,"Good"
"tacchino",241.0846,"Good"
"garlic pack",264.1902,"Good"
"chicken cutlet",283.6732,"Good"
"soy milk drink strawberry flavor",312.1067,"Good"
"cheddar spread",332.1513,"Good"
"caramel latte mix",346.319,"Good"
"bell pepper",0,"15"
"chicken cutlet",17.16554,"Good"
"cloves",38.9469,"Good"
"frozen bangus",57.53664,"Good"
"blueberries",88.89658,"Good"
"onion",113.8695,"Good"
"cotton buds",153.2782,"Good"
"air freshener",171.4642,"Good"
"liquid detergent",187.5728,"Good"
"whitening lotion",211.448,"Good"
"rejuvenating serum",226.2993,"Good"
"wheat sesame",260.8991,"Good"
"oyster sauce",286.2558,"Good"
"muffin",304.9009,"Good"
"soy sauce",322.287,"Good"
"caramel latte mix",345.5475,"Good"
"canned ham",359.9957,"Good"
"imported drinks",379.1926,"Good"
"nutella",400.6345,"Good"
"pet shampoo",0,"16"
"air freshener",11.75158,"Good"
"baby wipes",33.44981,"Good"
"shampoo",48.98693,"Good"
"soy sauce",80.62242,"Good"
"soy milk drink strawberry flavor",105.595,"Good"
"vanilla cake bar",124.185,"Good"
"black roast coffee",140.3035,"Good"
"misua",169.8695,"Good"
"chicken spread",199.0159,"Good"
"imported drinks",224.0031,"Good"
"mushrooms",239.9639,"Good"
"rice stick",255.7818,"Good"
"choco pie",280.4391,"Good"
"chicken cutlet",314.1865,"Good"
"blueberries",337.8648,"Good"
"cayenne pepper",364.2004,"Good"
"sword pepper",393.0546,"Good"
"hazelnut with cocoa spread",0,"17"
"caramel latte mix",21.05561,"Good"
"puto cheese",36.03491,"Good"
"breakfast cereal",54.76358,"Good"
"vanilla cake bar",75.15824,"Good"
"mayonnaise",93.33012,"Good"
"yogurt juice",123.7193,"Good"
"rice stick",141.0397,"Good"
"canned ham",162.2759,"Good"
"cotton buds",182.8185,"Good"
"tacchino",206.5564,"Good"
"cayenne pepper",233.6228,"Good"
"frozen bangus",254.7202,"Good"
"fries",269.3102,"Good"
"garlic pack",289.2136,"Good"
"dishwashing liquid",325.6187,"Good"
"paper plates",343.5667,"Good"
"pet shampoo",358.7135,"Good"
"air freshener",369.6642,"Good"
"mayonnaise",0,"18"
"cheddar spread",14.94105,"Good"
"caramel latte mix",30.34962,"Good"
"whole grain oats",45.32224,"Good"
"hazelnut with cocoa spread",65.30151,"Good"
"chicken spread",79.58782,"Good"
"watermelon",103.87,"Good"
"cayenne pepper",126.9015,"Good"
"sword pepper",155.1529,"Good"
"white cheese",171.809,"Good"
"bell pepper",187.4872,"Good"
"toilet papers",227.462,"Good"
"facial wash",246.4801,"Good"
"pain relief oil",263.6448,"Good"
"pet shampoo",279.3561,"Good"
"baby wipes",0,"19"
"facial wash",14.10871,"Good"
"rejuvenating serum",28.13654,"Good"
"pain relief oil",42.70753,"Good"
"deodorant",59.49397,"Good"
"white cheese",94.19022,"Good"
"fries",112.5032,"Good"
"chocolate cake bar",138.1712,"Good"
"nutella",158.8538,"Good"
"mushrooms",178.5654,"Good"
"misua",194.3888,"Good"
"cocoa powder",210.4906,"Good"
"soy sauce",229.7839,"Good"
"nori",246.9945,"Good"
"hazelnut with cocoa spread",273.3196,"Good"
"chicken spread",286.6468,"Good"
"soy milk drink strawberry flavor",305.5721,"Good"
"caramel latte mix",322.2569,"Good"
"wheat sesame",335.58,"Good"
"soy sauce",0,"20"
"prune juice",19.94386,"Good"
"breakfast cereal",31.17922,"Good"
"wheat sesame",47.41507,"Good"
"soy milk drink strawberry flavor",67.25563,"Good"
"whole grain oats",82.65214,"Good"
"hazelnut with cocoa spread",103.1784,"Good"
"fries",127.4522,"Good"
"grapes",152.6936,"Good"
"garlic pack",177.263,"Good"
"rejuvenating serum",215.2948,"Good"
"facial wash",230.7026,"Good"
"deodorant",243.1954,"Good"
"dishwashing liquid",267.4336,"Good"
"cotton buds",285.3806,"Good"
"potato chips",311.9961,"Good"
"imported drinks",332.0391,"Good"
"mushrooms",346.2081,"Good"
"rice stick",360.2381,"Good"
"cayenne pepper",0,"21"
"frozen bangus",18.97137,"Good"
"yogurt juice",42.8394,"Good"
"chocolate cake bar",71.00618,"Good"
"chicken spread",87.79232,"Good"
"whole grain oats",108.3262,"Good"
"black roast coffee",124.4187,"Good"
"cheddar spread",140.1158,"Good"
"cocoa powder",163.7128,"Good"
"choco pie",185.9211,"Good"
"imported drinks",208.9638,"Good"
"canned ham",229.0891,"Good"
"pain relief oil",255.7407,"Good"
"baby wipes",272.0071,"Good"
"toilet papers",288.1364,"Good"
"paper plates",298.9473,"Good"
"whitening lotion",316.4739,"Good"
"rejuvenating serum",329.9507,"Good"
"whole grain oats",0,"22"
"hazelnut with cocoa spread",19.66745,"Good"
"chicken spread",33.81786,"Good"
"soy milk drink strawberry flavor",53.5177,"Good"
"soy sauce",70.58179,"Good"
"cheddar spread",93.33415,"Good"
"nori",114.2852,"Good"
"seaweed",132.8742,"Good"
"shampoo",154.3827,"Good"
"rice stick",170.0679,"Good"
"ramen",186.022,"Good"
"yogurt juice",201.8467,"Good"
"pet shampoo",233.7697,"Good"
"pain relief oil",250.5641,"Good"
"deodorant",267.2678,"Good"
"facial wash",278.0784,"Good"
"liquid detergent",299.2362,"Good"
"white cheese",333.4048,"Good"
"bell pepper",347.2969,"Good"
"sword pepper",360.7674,"Good"
"watermelon",375.9154,"Good"
"pet shampoo",0,"23"
"toilet papers",14.52548,"Good"
"whitening lotion",32.16304,"Good"
"blueberries",60.60618,"Good"
"yogurt juice",77.53094,"Good"
"white cheese",92.22807,"Good"
"cloves",115.3983,"Good"
"watermelon",137.3184,"Good"
"seaweed",160.223,"Good"
"ramen",181.0432,"Good"
"imported drinks",193.5354,"Good"
"hazelnut with cocoa spread",218.6529,"Good"
"vanilla cake bar",233.7835,"Good"
"puto cheese",249.6076,"Good"
"cheddar spread",266.164,"Good"
"muffin",282.9919,"Good"
"blueberries",0,"24"
"cayenne pepper",25.64137,"Good"
"nori",50.06059,"Good"
"potato chips",69.48288,"Good"
"mushrooms",93.07229,"Good"
"oyster sauce",108.3299,"Good"
"soy sauce",119.9733,"Good"
"chocolate cake bar",141.297,"Good"
"rejuvenating serum",169.0579,"Good"
"liquid detergent",190.5739,"Good"
"whole grain oats",215.9736,"Good"
"caramel latte mix",232.0745,"Good"
"hazelnut with cocoa spread",252.0623,"Good"
"breakfast cereal",273.1854,"Good"
"puto cheese",289.4535,"Good"
"ramen",0,"25"
"nutella",15.49811,"Good"
"choco pie",39.64512,"Good"
"soy sauce",61.69912,"Good"
"yogurt juice",86.53474,"Good"
"canned ham",112.2052,"Good"
"dishwashing liquid",138.9837,"Good"
"pain relief oil",159.1115,"Good"
"pet shampoo",177.7117,"Good"
"baby wipes",201.3102,"Good"
"toilet papers",220.606,"Good"
"paper plates",233.0988,"Good"
"rejuvenating serum",253.6426,"Good"
"liquid detergent",276.0803,"Good"
"garlic pack",311.3663,"Good"
"sword pepper",342.597,"Good"
"soy milk drink strawberry flavor",380.2612,"Good"
"puto cheese",401.0024,"Good"
"cheddar spread",419.0974,"Good"
"garlic pack",0,"26"
"cayenne pepper",11.3315,"Good"
"bell pepper",27.32849,"Good"
"cloves",43.70033,"Good"
"sword pepper",68.25266,"Good"
"nutella",91.28317,"Good"
"cocoa powder",110.1529,"Good"
"ramen",125.5478,"Good"
"oyster sauce",145.4911,"Good"
"milk tea",162.8401,"Good"
"mayonnaise",181.0169,"Good"
"breakfast cereal",198.7843,"Good"
"prune juice",210.8618,"Good"
"black roast coffee",226.6841,"Good"
"muffin",242.9245,"Good"
"paper plates",273.0267,"Good"
"facial wash",289.7156,"Good"
"liquid detergent",309.7582,"Good"
"caramel latte mix",0,"27"
"soy milk drink strawberry flavor",17.02458,"Good"
"vanilla cake bar",33.95388,"Good"
"dishwashing liquid",60.8664,"Good"
"shampoo",75.0129,"Good"
"toilet papers",90.41101,"Good"
"facial wash",107.8909,"Good"
"seaweed",132.8664,"Good"
"rice stick",153.9651,"Good"
"potato chips",175.2022,"Good"
"yogurt juice",194.3573,"Good"
"canned ham",216.0042,"Good"
"onion",237.6596,"Good"
"white cheese",255.8425,"Good"
"tacchino",268.8934,"Good"
"watermelon",285.0206,"Good"
"grapes",298.35,"Good"
"dishwashing liquid",0,"28"
"pain relief oil",18.97167,"Good"
"paper plates",35.76551,"Good"
"deodorant",55.60627,"Good"
"whole grain oats",93.3506,"Good"
"chicken spread",116.1043,"Good"
"oyster sauce",140.9412,"Good"
"chocolate cake bar",162.8723,"Good"
"chicken cutlet",195.3524,"Good"
"fries",211.1753,"Good"
"bell pepper",237.2719,"Good"
"nutella",269.1561,"Good"
"nori",290.5982,"Good"
"mushrooms",305.8867,"Good"
"milk tea",321.733,"Good"
"chicken cutlet",0,"29"
"frozen bangus",18.83973,"Good"
"pet shampoo",58.38896,"Good"
"dishwashing liquid",73.51012,"Good"
"baby wipes",95.98743,"Good"
"paper plates",113.607,"Good"
"misua",145.9383,"Good"
"cocoa powder",162.317,"Good"
"rice stick",179.1118,"Good"
"potato chips",202.0159,"Good"
"choco pie",218.5322,"Good"
"ramen",237.965,"Good"
"chicken spread",266.6399,"Good"
"caramel latte mix",283.1873,"Good"
"whole grain oats",297.4954,"Good"
"breakfast cereal",312.078,"Good"
"cheddar spread",329.3188,"Good"
"shampoo",0,"30"
"mosquito net",14.94305,"Good"
"deodorant",29.23727,"Good"
"liquid detergent",52.13745,"Good"
"rice stick",79.33378,"Good"
"imported drinks",94.45353,"Good"
"soy sauce",109.7032,"Good"
"oyster sauce",124.6848,"Good"
"yogurt juice",143.8962,"Good"
"chicken cutlet",167.9083,"Good"
"cayenne pepper",188.7321,"Good"
"grapes",211.7706,"Good"
"watermelon",224.4028,"Good"
"hazelnut with cocoa spread",251.0465,"Good"
"prune juice",271.4824,"Good"
"breakfast cereal",0,"31"
"wheat sesame",15.08114,"Good"
"black roast coffee",29.37483,"Good"
"soy sauce",50.04854,"Good"
"blueberries",81.40618,"Good"
"garlic pack",104.161,"Good"
"frozen bangus",120.9469,"Good"
"cayenne pepper",138.1875,"Good"
"yogurt juice",160.1205,"Good"
"bell pepper",175.8066,"Good"
"watermelon",191.4918,"Good"
"nutella",213.4241,"Good"
"shampoo",233.6906,"Good"
"potato chips",254.9283,"Good"
"choco pie",269.6285,"Good"
"mushrooms",288.9652,"Good"
"milk tea",302.9956,"Good"
"pain relief oil",327.0941,"Good"
"mosquito net",343.9216,"Good"
"liquid detergent",365.7844,"Good"
"blueberries",0,"32"
"frozen bangus",29.53074,"Good"
"fries",44.09597,"Good"
"yogurt juice",64.9073,"Good"
"bell pepper",79.0541,"Good"
"cloves",106.2518,"Good"
"shampoo",126.5135,"Good"
"rice stick",142.1048,"Good"
"cocoa powder",159.0377,"Good"
"mushrooms",177.3598,"Good"
"cotton buds",193.322,"Good"
"mayonnaise",214.2827,"Good"
"whole grain oats",233.4376,"Good"
"breakfast cereal",249.6775,"Good"
"vanilla cake bar",268.3174,"Good"
"pain relief oil",299.5477,"Good"
"baby wipes",315.6767,"Good"
"toilet papers",331.8041,"Good"
"deodorant",348.9112,"Good"
"liquid detergent",371.1928,"Good"
"pain relief oil",0,"33"
"pet shampoo",17.02688,"Good"
"dishwashing liquid",32.28868,"Good"
"deodorant",56.01602,"Good"
"liquid detergent",80.29654,"Good"
"whole grain oats",105.4162,"Good"
"hazelnut with cocoa spread",126.089,"Good"
"misua",150.6694,"Good"
"breakfast cereal",177.876,"Good"
"oyster sauce",202.86,"Good"
"chicken cutlet",242.8345,"Good"
"garlic pack",265.2521,"Good"
"fries",284.3159,"Good"
"cloves",303.5195,"Good"
"grapes",326.6398,"Good"
"seaweed",350.0394,"Good"
"canned ham",364.4869,"Good"
"chicken cutlet",0,"34"
"cayenne pepper",19.5291,"Good"
"cloves",30.7707,"Good"
"watermelon",52.41326,"Good"
"chicken spread",75.0301,"Good"
"whole grain oats",94.45299,"Good"
"hazelnut with cocoa spread",113.3184,"Good"
"prune juice",133.1506,"Good"
"black roast coffee",148.9665,"Good"
"soy sauce",167.7053,"Good"
"imported drinks",183.6666,"Good"
"seaweed",203.7881,"Good"
"potato chips",222.9399,"Good"
"ramen",240.2916,"Good"
"mushrooms",261.1521,"Good"
"air freshener",285.3913,"Good"
"deodorant",304.5951,"Good"
"pet shampoo",0,"35"
"pain relief oil",16.19385,"Good"
"baby wipes",33.25523,"Good"
"mosquito net",48.09544,"Good"
"facial wash",62.65366,"Good"
"whitening lotion",76.80165,"Good"
"misua",113.0203,"Good"
"soy milk drink strawberry flavor",134.1071,"Good"
"vanilla cake bar",152.5673,"Good"
"chicken cutlet",180.329,"Good"
"tacchino",195.737,"Good"
"sword pepper",213.6433,"Good"
"nori",233.9111,"Good"
"cocoa powder",250.012,"Good"
"ramen",266.3721,"Good"
"mushrooms",285.5747,"Good"
"oyster sauce",0,"36"
"soy sauce",11.74918,"Good"
"potato chips",35.38402,"Good"
"cotton buds",61.60868,"Good"
"soy milk drink strawberry flavor",84.50047,"Good"
"vanilla cake bar",102.9518,"Good"
"puto cheese",117.7933,"Good"
"muffin",132.7154,"Good"
"pain relief oil",169.9133,"Good"
"baby wipes",188.3739,"Good"
"mosquito net",204.475,"Good"
"deodorant",220.3019,"Good"
"liquid detergent",245.8494,"Good"
"onion",281.9874,"Good"
"blueberries",306.9241,"Good"
"tacchino",326.6877,"Good"
"cloves",350.2285,"Good"
"grapes",374.1863,"Good"
"blueberries",0,"37"
"yogurt juice",17.16484,"Good"
"white cheese",31.8719,"Good"
"grapes",48.37982,"Good"
"air freshener",81.54247,"Good"
"shampoo",95.69025,"Good"
"toilet papers",111.5061,"Good"
"mosquito net",130.7907,"Good"
"whitening lotion",147.1706,"Good"
"liquid detergent",169.7896,"Good"
"caramel latte mix",194.4962,"Good"
"soy milk drink strawberry flavor",212.8193,"Good"
"black roast coffee",231.8363,"Good"
"soy sauce",251.2677,"Good"
"mayonnaise",272.7877,"Good"
"nutella",295.4868,"Good"
"imported drinks",0,"38"
"ramen",11.74728,"Good"
"mushrooms",26.77137,"Good"
"canned ham",43.1423,"Good"
"milk tea",63.66934,"Good"
"air freshener",94.33455,"Good"
"mosquito net",117.0891,"Good"
"rejuvenating serum",133.4812,"Good"
"deodorant",148.8901,"Good"
"chicken cutlet",188.4481,"Good"
"cayenne pepper",210.5173,"Good"
"frozen bangus",230.0986,"Good"
"tacchino",252.0302,"Good"
"whole grain oats",278.3338,"Good"
"soy milk drink strawberry flavor",292.9214,"Good"
"wheat sesame",311.7017,"Good"
"vanilla cake bar",327.4102,"Good"
"cheddar spread",345.0745,"Good"
"hazelnut with cocoa spread",0,"39"
"misua",26.4732,"Good"
"prune juice",55.74934,"Good"
"wheat sesame",72.6721,"Good"
"puto cheese",88.48598,"Good"
"onion",112.9058,"Good"
"chicken cutlet",129.5521,"Good"
"yogurt juice",151.1979,"Good"
"watermelon",169.2444,"Good"
"air freshener",212.2646,"Good"
"mosquito net",239.7481,"Good"
"facial wash",256.547,"Good"
"nutella",288.1954,"Good"
"nori",310.1997,"Good"
"mushrooms",332.0616,"Good"
"ramen",346.9286,"Good"
"canned ham",361.6578,"Good"
"nori",0,"40"
"misua",14.94325,"Good"
"choco pie",39.2348,"Good"
"cotton buds",63.3774,"Good"
"oyster sauce",78.07404,"Good"
"pet shampoo",105.2711,"Good"
"baby wipes",126.0812,"Good"
"rejuvenating serum",141.6385,"Good"
"liquid detergent",163.5721,"Good"
"onion",199.1113,"Good"
"tacchino",217.2962,"Good"
"cloves",242.1354,"Good"
"sword pepper",272.0976,"Good"
"whole grain oats",302.63,"Good"
"prune juice",317.2181,"Good"
"vanilla cake bar",335.5755,"Good"
"black roast coffee",350.0251,"Good"
"watermelon",0,"41"
"sword pepper",14.94826,"Good"
"yogurt juice",31.05383,"Good"
"onion",52.00244,"Good"
"garlic pack",71.70377,"Good"
"frozen bangus",90.85162,"Good"
"white cheese",115.2708,"Good"
"bell pepper",130.6671,"Good"
"oyster sauce",158.5604,"Good"
"milk tea",177.714,"Good"
"mushrooms",194.5089,"Good"
"imported drinks",210.4714,"Good"
"choco pie",235.3103,"Good"
"vanilla cake bar",262.9872,"Good"
"caramel latte mix",278.6941,"Good"
"black roast coffee",292.3024,"Good"
"baby wipes",328.8476,"Good"
"rejuvenating serum",342.8775,"Good"
"facial wash",356.7656,"Good"
"paper plates",375.69,"Good"
"toilet papers",386.5042,"Good"
"shampoo",0,"42"
"whitening lotion",14.94115,"Good"
"facial wash",28.96155,"Good"
"cheddar spread",64.34544,"Good"
"vanilla cake bar",82.52111,"Good"
"hazelnut with cocoa spread",97.36422,"Good"
"misua",119.9772,"Good"
"muffin",142.4258,"Good"
"cayenne pepper",162.5537,"Good"
"cloves",174.6309,"Good"
"grapes",198.2195,"Good"
"blueberries",213.9054,"Good"
"frozen bangus",244.025,"Good"
"tacchino",266.1569,"Good"
"ramen",286.8997,"Good"
"rice stick",301.0687,"Good"
"cotton buds",0,"43"
"pain relief oil",14.38729,"Good"
"air freshener",31.89422,"Good"
"pet shampoo",43.54419,"Good"
"toilet papers",59.07217,"Good"
"grapes",103.0549,"Good"
"cayenne pepper",129.2789,"Good"
"yogurt juice",156.3463,"Good"
"chicken cutlet",178.4182,"Good"
"garlic pack",202.7076,"Good"
"fries",224.0846,"Good"
"tacchino",245.3237,"Good"
"soy sauce",268.2485,"Good"
"oyster sauce",303.8162,"Good"
"black roast coffee",329.4513,"Good"
"muffin",346.1381,"Good"
"mushrooms",369.6782,"Good"
"ramen",390.9798,"Good"
"seaweed",405.8465,"Good"
"choco pie",429.6588,"Good"
"grapes",0,"44"
"yogurt juice",16.47026,"Good"
"onion",38.25791,"Good"
"fries",55.18098,"Good"
"tacchino",73.48833,"Good"
"white cheese",87.49701,"Good"
"bell pepper",102.8954,"Good"
"pet shampoo",145.9128,"Good"
"liquid detergent",162.7062,"Good"
"pain relief oil",182.2768,"Good"
"facial wash",200.5995,"Good"
"whitening lotion",215.452,"Good"
"toilet papers",235.8577,"Good"
"mayonnaise",274.3029,"Good"
"hazelnut with cocoa spread",288.3341,"Good"
"caramel latte mix",307.5447,"Good"
"whole grain oats",322.2671,"Good"
"soy milk drink strawberry flavor",336.8544,"Good"
"prune juice",351.995,"Good"
"breakfast cereal",362.3837,"Good"
"chocolate cake bar",381.3064,"Good"
"mosquito net",0,"45"
"baby wipes",14.66497,"Good"
"pain relief oil",31.18962,"Good"
"toilet papers",46.16991,"Good"
"paper plates",57.82087,"Good"
"cheddar spread",87.22923,"Good"
"oyster sauce",112.0633,"Good"
"hazelnut with cocoa spread",132.1817,"Good"
"wheat sesame",150.6436,"Good"
"whole grain oats",167.9949,"Good"
"breakfast cereal",184.0952,"Good"
"chocolate cake bar",203.383,"Good"
"puto cheese",219.0672,"Good"
"canned ham",237.666,"Good"
"ramen",253.907,"Good"
"imported drinks",273.9005,"Good"
"chicken cutlet",295.0621,"Good"
"frozen bangus",312.0315,"Good"
"blueberries",0,"46"
"frozen bangus",29.53064,"Good"
"fries",43.81691,"Good"
"bell pepper",61.99159,"Good"
"white cheese",80.99701,"Good"
"pet shampoo",118.1864,"Good"
"mosquito net",140.9115,"Good"
"facial wash",156.5964,"Good"
"oyster sauce",189.63,"Good"
"cocoa powder",209.7573,"Good"
"imported drinks",225.7199,"Good"
"seaweed",246.9488,"Good"
"choco pie",268.6632,"Good"
"rice stick",291.2235,"Good"
"chicken spread",311.8323,"Good"
"prune juice",330.4794,"Good"
"black roast coffee",344.6476,"Good"
"muffin",360.0736,"Good"
"cheddar spread",0,"47"
"mayonnaise",15.21792,"Good"
"hazelnut with cocoa spread",30.20808,"Good"
"wheat sesame",48.52037,"Good"
"breakfast cereal",64.19463,"Good"
"soy milk drink strawberry flavor",79.44588,"Good"
"black roast coffee",98.1671,"Good"
"pain relief oil",126.3344,"Good"
"pet shampoo",143.58,"Good"
"baby wipes",164.5398,"Good"
"whitening lotion",179.3917,"Good"
"paper plates",198.8252,"Good"
"toilet papers",211.3168,"Good"
"sword pepper",249.8967,"Good"
"grapes",264.8957,"Good"
"tacchino",284.2415,"Good"
"white cheese",297.43,"Good"
"ramen",317.8936,"Good"
"nutella",338.7753,"Good"
"seaweed",353.5034,"Good"
"rice stick",374.3931,"Good"
"cayenne pepper",0,"48"
"blueberries",26.05463,"Good"
"chicken cutlet",49.77991,"Good"
"onion",65.73241,"Good"
"frozen bangus",85.01688,"Good"
"white cheese",108.4639,"Good"
"tacchino",122.4729,"Good"
"soy sauce",143.4571,"Good"
"oyster sauce",176.0746,"Good"
"caramel latte mix",201.6135,"Good"
"whole grain oats",217.7157,"Good"
"black roast coffee",235.0672,"Good"
"muffin",252.6942,"Good"
"cotton buds",289.8104,"Good"
"shampoo",307.1965,"Good"
"baby wipes",328.2182,"Good"
"whitening lotion",341.4099,"Good"
"paper plates",359.6343,"Good"
"milk tea",392.1232,"Good"
"nori",402.9351,"Good"
"air freshener",0,"49"
"pain relief oil",16.60861,"Good"
"deodorant",34.50847,"Good"
"toilet papers",52.9611,"Good"
"mayonnaise",90.009,"Good"
"black roast coffee",108.7382,"Good"
"muffin",125.525,"Good"
"grapes",156.864,"Good"
"fries",184.6238,"Good"
"frozen bangus",201.003,"Good"
"bell pepper",223.8984,"Good"
"mushrooms",244.9967,"Good"
"ramen",266.2914,"Good"
"rice stick",284.2363,"Good"
"nori",298.4041,"Good"
"dishwashing liquid",0,"50"
"cotton buds",20.36013,"Good"
"mosquito net",40.47739,"Good"
"baby wipes",56.56991,"Good"
"facial wash",70.43431,"Good"
"rejuvenating serum",85.41534,"Good"
"paper plates",105.1101,"Good"
"grapes",148.6822,"Good"
"cloves",176.0255,"Good"
"tacchino",203.0925,"Good"
"white cheese",217.9442,"Good"
"potato chips",252.5044,"Good"
"nori",273.5651,"Good"
"rice stick",287.5956,"Good"
"cheddar spread",308.8963,"Good"
"chicken spread",323.0658,"Good"
"wheat sesame",338.2069,"Good"
"muffin",357.1318,"Good"
"mayonnaise",0,"51"
"oyster sauce",18.13573,"Good"
"canned ham",32.70337,"Good"
"ramen",51.01537,"Good"
"choco pie",68.63295,"Good"
"rice stick",91.52573,"Good"
"misua",103.1764,"Good"
"grapes",119.816,"Good"
"cayenne pepper",142.6587,"Good"
"blueberries",168.0601,"Good"
"onion",192.3524,"Good"
"pet shampoo",225.1101,"Good"
"air freshener",237.6082,"Good"
"baby wipes",258.3015,"Good"
"mosquito net",272.3319,"Good"
"facial wash",286.3608,"Good"
"deodorant",297.1714,"Good"
"cheddar spread",331.7537,"Good"
"hazelnut with cocoa spread",346.9017,"Good"
"black roast coffee",363.8688,"Good"
"muffin",379.1577,"Good"
"soy sauce",0,"52"
"imported drinks",21.88845,"Good"
"cocoa powder",37.42594,"Good"
"nutella",58.92838,"Good"
"potato chips",80.28657,"Good"
"chocolate cake bar",100.4053,"Good"
"nori",116.0777,"Good"
"grapes",133.8354,"Good"
"blueberries",149.5202,"Good"
"fries",178.2524,"Good"
"vanilla cake bar",208.9365,"Good"
"wheat sesame",227.118,"Good"
"breakfast cereal",244.4625,"Good"
"pet shampoo",271.1494,"Good"
"baby wipes",291.7528,"Good"
"whitening lotion",304.8031,"Good"
"yogurt juice",0,"53"
"oyster sauce",19.11023,"Good"
"canned ham",33.95407,"Good"
"chocolate cake bar",57.40205,"Good"
"nori",72.79755,"Good"
"watermelon",89.44498,"Good"
"frozen bangus",116.3619,"Good"
"bell pepper",137.45,"Good"
"tacchino",153.1376,"Good"
"dishwashing liquid",190.0576,"Good"
"pet shampoo",205.8806,"Good"
"air freshener",218.3723,"Good"
"liquid detergent",234.051,"Good"
"pain relief oil",252.9284,"Good"
"hazelnut with cocoa spread",287.9153,"Good"
"vanilla cake bar",301.3848,"Good"
"breakfast cereal",319.4688,"Good"
"prune juice",329.8629,"Good"
"muffin",348.6404,"Good"
"soy sauce",0,"54"
"breakfast cereal",21.47368,"Good"
"muffin",42.70194,"Good"
"sword pepper",78.64005,"Good"
"cayenne pepper",109.7218,"Good"
"blueberries",138.026,"Good"
"onion",165.3712,"Good"
"garlic pack",186.3308,"Good"
"frozen bangus",206.7429,"Good"
"white cheese",232.8371,"Good"
"bell pepper",249.6319,"Good"
"shampoo",272.5241,"Good"
"mushrooms",286.5526,"Good"
"cocoa powder",304.3568,"Good"
"ramen",320.9018,"Good"
"choco pie",339.8206,"Good"
"potato chips",354.1292,"Good"
"baby wipes",379.7609,"Good"
"whitening lotion",392.9495,"Good"
"paper plates",412.2932,"Good"
"cloves",0,"55"
"sword pepper",25.08474,"Good"
"garlic pack",50.20017,"Good"
"white cheese",72.12019,"Good"
"oyster sauce",104.5903,"Good"
"chicken spread",125.123,"Good"
"wheat sesame",140.746,"Good"
"caramel latte mix",155.8835,"Good"
"soy milk drink strawberry flavor",173.6507,"Good"
"breakfast cereal",190.0227,"Good"
"puto cheese",207.2267,"Good"
"air freshener",233.4546,"Good"
"baby wipes",253.4431,"Good"
"mosquito net",267.5157,"Good"
"canned ham",295.2512,"Good"
"mushrooms",309.838,"Good"
"imported drinks",327.0774,"Good"
"cocoa powder",341.2461,"Good"
"ramen",356.1144,"Good"
"choco pie",372.8,"Good"
"rice stick",393.6817,"Good"
"soy sauce",0,"56"
"oyster sauce",37.02647,"Good"
"chicken spread",64.36002,"Good"
"prune juice",86.005,"Good"
"soy milk drink strawberry flavor",102.0948,"Good"
"misua",126.1064,"Good"
"pain relief oil",165.3997,"Good"
"deodorant",184.8333,"Good"
"toilet papers",205.3783,"Good"
"imported drinks",244.6586,"Good"
"cocoa powder",260.965,"Good"
"ramen",277.7904,"Good"
"seaweed",292.3744,"Good"
"rice stick",316.0537,"Good"
"frozen bangus",348.5431,"Good"
"garlic pack",367.7473,"Good"
"fries",387.232,"Good"
"tacchino",406.5776,"Good"
"mayonnaise",0,"57"
"milk tea",18.285,"Good"
"nori",29.93403,"Good"
"misua",44.9153,"Good"
"pet shampoo",72.38996,"Good"
"mosquito net",93.75659,"Good"
"deodorant",108.1811,"Good"
"sword pepper",138.2926,"Good"
"chicken cutlet",158.559,"Good"
"onion",174.6599,"Good"
"fries",192.0109,"Good"
"white cheese",211.4425,"Good"
"cheddar spread",235.0412,"Good"
"breakfast cereal",252.8079,"Good"
"whole grain oats",267.3912,"Good"
"shampoo",0,"58"
"pet shampoo",24.2503,"Good"
"liquid detergent",40.06485,"Good"
"mosquito net",67.12065,"Good"
"rejuvenating serum",84.60071,"Good"
"facial wash",99.45086,"Good"
"paper plates",119.1501,"Good"
"soy sauce",154.2986,"Good"
"cheddar spread",175.3987,"Good"
"hazelnut with cocoa spread",193.0257,"Good"
"vanilla cake bar",208.4341,"Good"
"chicken spread",227.3095,"Good"
"chocolate cake bar",245.9109,"Good"
"misua",271.4107,"Good"
"blueberries",314.6664,"Good"
"onion",339.4648,"Good"
"garlic pack",358.1115,"Good"
"fries",376.7563,"Good"
"milk tea",406.3078,"Good"
"ramen",421.4559,"Good"
"choco pie",439.6801,"Good"
"cotton buds",0,"59"
"dishwashing liquid",19.66625,"Good"
"liquid detergent",33.81426,"Good"
"mosquito net",61.56568,"Good"
"rejuvenating serum",79.18526,"Good"
"milk tea",107.6301,"Good"
"imported drinks",122.4725,"Good"
"cocoa powder",138.3186,"Good"
"potato chips",159.6951,"Good"
"rice stick",183.569,"Good"
"nori",199.3912,"Good"
"misua",215.2082,"Good"
"cheddar spread",237.6944,"Good"
"chicken spread",253.5173,"Good"
"black roast coffee",271.4957,"Good"
"puto cheese",285.9445,"Good"
"cloves",306.4029,"Good"
"watermelon",330.6414,"Good"
"chicken cutlet",351.9438,"Good"
"garlic pack",374.5054,"Good"
"ramen",0,"60"
"soy sauce",17.02618,"Good"
"shampoo",37.97947,"Good"
"canned ham",57.81873,"Good"
"milk tea",80.85183,"Good"
"mushrooms",97.21909,"Good"
"nutella",118.0313,"Good"
"choco pie",141.1608,"Good"
"potato chips",157.8171,"Good"
"nori",179.1916,"Good"
"grapes",198.3503,"Good"
"chicken spread",226.2497,"Good"
"vanilla cake bar",245.4048,"Good"
"wheat sesame",263.9615,"Good"
"whole grain oats",281.0691,"Good"
"breakfast cereal",295.7981,"Good"
"dishwashing liquid",320.5909,"Good"
"baby wipes",343.9891,"Good"
"whole grain oats",0,"61"
"hazelnut with cocoa spread",20.91776,"Good"
"black roast coffee",39.36774,"Good"
"wheat sesame",54.21184,"Good"
"chicken spread",69.8868,"Good"
"liquid detergent",101.5218,"Good"
"air freshener",116.7817,"Good"
"pet shampoo",128.2845,"Good"
"facial wash",151.0423,"Good"
"cotton buds",168.8102,"Good"
"toilet papers",183.5236,"Good"
"imported drinks",218.7785,"Good"
"yogurt juice",234.4634,"Good"
"mushrooms",253.0614,"Good"
"cayenne pepper",273.2195,"Good"
"blueberries",298.4353,"Good"
"muffin",0,"62"
"oyster sauce",20.36063,"Good"
"prune juice",45.33702,"Good"
"cheddar spread",64.34295,"Good"
"caramel latte mix",80.71243,"Good"
"misua",112.2103,"Good"
"imported drinks",151.6176,"Good"
"cocoa powder",167.9967,"Good"
"yogurt juice",180.4896,"Good"
"liquid detergent",219.6314,"Good"
"air freshener",236.2949,"Good"
"dishwashing liquid",252.5344,"Good"
"whitening lotion",275.9886,"Good"
"rejuvenating serum",289.1796,"Good"
"mosquito net",306.4268,"Good"
"paper plates",327.8691,"Good"
"onion",368.4703,"Good"
"cayenne pepper",388.0955,"Good"
"sword pepper",419.1867,"Good"
"pet shampoo",0,"63"
"air freshener",11.74708,"Good"
"dishwashing liquid",26.34786,"Good"
"facial wash",50.07465,"Good"
"mosquito net",65.33533,"Good"
"chocolate cake bar",94.61231,"Good"
"canned ham",118.6169,"Good"
"oyster sauce",134.1552,"Good"
"imported drinks",151.5053,"Good"
"misua",167.3223,"Good"
"seaweed",190.4951,"Good"
"chicken cutlet",222.9757,"Good"
"fries",239.3548,"Good"
"cayenne pepper",259.3608,"Good"
"white cheese",284.1576,"Good"
"breakfast cereal",312.0324,"Good"
"cheddar spread",329.4178,"Good"
"puto cheese",346.2435,"Good"
"whole grain oats",0,"64"
"breakfast cereal",15.6382,"Good"
"cheddar spread",33.81695,"Good"
"mayonnaise",48.93581,"Good"
"hazelnut with cocoa spread",63.9115,"Good"
"black roast coffee",82.36234,"Good"
"rejuvenating serum",114.0051,"Good"
"whitening lotion",128.2921,"Good"
"deodorant",143.1439,"Good"
"cotton buds",160.6323,"Good"
"paper plates",175.9007,"Good"
"nori",210.0468,"Good"
"rice stick",225.8686,"Good"
"nutella",248.2167,"Good"
"mushrooms",268.3519,"Good"
"fries",293.4292,"Good"
"cayenne pepper",312.4946,"Good"
"oyster sauce",0,"65"
"chocolate cake bar",24.11155,"Good"
"breakfast cereal",45.47694,"Good"
"soy sauce",67.54673,"Good"
"mayonnaise",92.93664,"Good"
"vanilla cake bar",111.1087,"Good"
"misua",138.3047,"Good"
"cayenne pepper",173.2816,"Good"
"canned ham",197.1549,"Good"
"potato chips",221.0293,"Good"
"imported drinks",245.0437,"Good"
"nutella",270.2462,"Good"
"shampoo",293.507,"Good"
"mushrooms",307.5369,"Good"
"air freshener",339.1864,"Good"
"liquid detergent",354.3335,"Good"
"baby wipes",379.1325,"Good"
"mosquito net",394.2804,"Good"
"onion",0,"66"
"garlic pack",18.00078,"Good"
"sword pepper",44.22614,"Good"
"oyster sauce",81.41627,"Good"
"soy sauce",93.06673,"Good"
"vanilla cake bar",111.6497,"Good"
"hazelnut with cocoa spread",126.6313,"Good"
"wheat sesame",145.1587,"Good"
"caramel latte mix",160.1505,"Good"
"puto cheese",175.2789,"Good"
"liquid detergent",202.9017,"Good"
"dishwashing liquid",217.7544,"Good"
"rejuvenating serum",238.1584,"Good"
"whitening lotion",253.1517,"Good"
"facial wash",266.6861,"Good"
"toilet papers",283.7913,"Good"
"choco pie",310.1283,"Good"
"milk tea",329.7534,"Good"
"garlic pack",0,"67"
"frozen bangus",17.86102,"Good"
"grapes",44.50379,"Good"
"white cheese",62.12268,"Good"
"oyster sauce",83.90568,"Good"
"chocolate cake bar",103.4675,"Good"
"ramen",118.7327,"Good"
"soy sauce",135.3938,"Good"
"potato chips",156.3533,"Good"
"nori",175.2291,"Good"
"cotton buds",191.8877,"Good"
"misua",207.5705,"Good"
"seaweed",228.2526,"Good"
"breakfast cereal",246.02,"Good"
"caramel latte mix",261.7186,"Good"
"puto cheese",275.049,"Good"
"pet shampoo",300.546,"Good"
"air freshener",311.3579,"Good"
"liquid detergent",324.8195,"Good"
"mosquito net",347.1,"Good"
"paper plates",365.0455,"Good"
"oyster sauce",0,"68"
"chocolate cake bar",18.97127,"Good"
"soy milk drink strawberry flavor",35.89681,"Good"
"breakfast cereal",51.57256,"Good"
"mayonnaise",71.55064,"Good"
"hazelnut with cocoa spread",86.53108,"Good"
"dishwashing liquid",117.612,"Good"
"mosquito net",141.8197,"Good"
"facial wash",157.3657,"Good"
"tacchino",193.4546,"Good"
"cloves",216.6361,"Good"
"canned ham",238.0116,"Good"
"choco pie",257.0351,"Good"
"imported drinks",278.198,"Good"
"cocoa powder",292.3673,"Good"
"potato chips",310.4536,"Good"
"mushrooms",331.8931,"Good"
"toilet papers",0,"69"
"dishwashing liquid",16.47156,"Good"
"air freshener",31.03876,"Good"
"pet shampoo",42.69038,"Good"
"deodorant",62.66887,"Good"
"facial wash",74.31904,"Good"
"blueberries",102.3406,"Good"
"sword pepper",117.1836,"Good"
"oyster sauce",140.9447,"Good"
"chocolate cake bar",161.9031,"Good"
"imported drinks",178.4214,"Good"
"potato chips",198.687,"Good"
"rice stick",220.0641,"Good"
"misua",232.5558,"Good"
"soy milk drink strawberry flavor",254.7642,"Good"
"prune juice",269.4876,"Good"
"whole grain oats",283.7903,"Good"
"vanilla cake bar",301.7376,"Good"
"caramel latte mix",316.1846,"Good"
"chicken spread",331.8845,"Good"
"puto cheese",349.1292,"Good"
"dishwashing liquid",0,"70"
"rejuvenating serum",21.75039,"Good"
"chocolate cake bar",50.61086,"Good"
"canned ham",75.44668,"Good"
"oyster sauce",90.83923,"Good"
"imported drinks",107.7555,"Good"
"soy sauce",129.9538,"Good"
"yogurt juice",154.5227,"Good"
"nutella",177.0081,"Good"
"prune juice",196.1547,"Good"
"soy milk drink strawberry flavor",213.0893,"Good"
"cheddar spread",237.6557,"Good"
"caramel latte mix",254.4505,"Good"
"onion",275.3534,"Good"
"tacchino",292.598,"Good"
"sword pepper",309.9855,"Good"
"bell pepper",324.0142,"Good"
"prune juice",0,"71"
"soy milk drink strawberry flavor",16.19145,"Good"
"whole grain oats",31.59318,"Good"
"mayonnaise",55.03621,"Good"
"vanilla cake bar",72.37465,"Good"
"hazelnut with cocoa spread",87.2243,"Good"
"wheat sesame",106.5092,"Good"
"misua",138.2843,"Good"
"cocoa powder",180.6174,"Good"
"nori",196.5814,"Good"
"milk tea",209.2126,"Good"
"seaweed",230.1624,"Good"
"nutella",246.1183,"Good"
"shampoo",269.6092,"Good"
"baby wipes",303.2184,"Good"
"facial wash",316.2689,"Good"
"garlic pack",358.547,"Good"
"chicken cutlet",381.1095,"Good"
"blueberries",405.4865,"Good"
"tacchino",425.6715,"Good"
"white cheese",438.8599,"Good"
"puto cheese",0,"72"
"muffin",14.94345,"Good"
"misua",39.79299,"Good"
"dishwashing liquid",73.37291,"Good"
"air freshener",88.49026,"Good"
"pet shampoo",100.135,"Good"
"deodorant",123.3058,"Good"
"facial wash",135.4588,"Good"
"paper plates",156.4106,"Good"
"onion",197.9127,"Good"
"chicken cutlet",215.1222,"Good"
"tacchino",231.2182,"Good"
"grapes",251.2068,"Good"
"canned ham",277.767,"Good"
"cocoa powder",302.5668,"Good"
"ramen",319.3906,"Good"
"nutella",334.5378,"Good"
"soy sauce",0,"73"
"potato chips",24.11335,"Good"
"nori",45.20149,"Good"
"milk tea",56.84996,"Good"
"shampoo",72.10744,"Good"
"prune juice",92.5029,"Good"
"whole grain oats",107.4828,"Good"
"muffin",128.9821,"Good"
"liquid detergent",164.7906,"Good"
"pet shampoo",182.0001,"Good"
"whitening lotion",205.1817,"Good"
"facial wash",220.0337,"Good"
"pain relief oil",238.7727,"Good"
"paper plates",256.5463,"Good"
"frozen bangus",303.5786,"Good"
"fries",317.7475,"Good"
"sword pepper",344.5026,"Good"
"cloves",375.4559,"Good"
"cocoa powder",0,"74"
"imported drinks",15.49821,"Good"
"ramen",27.00754,"Good"
"potato chips",50.03937,"Good"
"misua",73.7633,"Good"
"rice stick",85.41416,"Good"
"shampoo",100.2485,"Good"
"mushrooms",115.2307,"Good"
"fries",143.6739,"Good"
"cayenne pepper",165.8816,"Good"
"frozen bangus",186.4266,"Good"
"watermelon",218.3492,"Good"
"grapes",230.8411,"Good"
"dishwashing liquid",271.2072,"Good"
"pain relief oil",289.5737,"Good"
"toilet papers",305.0075,"Good"
"prune juice",334.2798,"Good"
"wheat sesame",350.4073,"Good"
"vanilla cake bar",367.6558,"Good"
"caramel latte mix",383.9214,"Good"
"soy sauce",0,"75"
"mayonnaise",23.83444,"Good"
"black roast coffee",42.98004,"Good"
"caramel latte mix",58.1003,"Good"
"vanilla cake bar",74.73938,"Good"
"misua",99.99207,"Good"
"chicken cutlet",143.423,"Good"
"sword pepper",166.1885,"Good"
"cloves",197.1418,"Good"
"liquid detergent",231.5723,"Good"
"rejuvenating serum",253.9196,"Good"
"baby wipes",268.4835,"Good"
"canned ham",302.2328,"Good"
"potato chips",323.2535,"Good"
"imported drinks",344.4157,"Good"
"nori",358.7262,"Good"
"milk tea",369.6784,"Good"
"seaweed",388.5969,"Good"
"tacchino",0,"76"
"watermelon",17.58401,"Good"
"bell pepper",34.6505,"Good"
"air freshener",73.08455,"Good"
"pet shampoo",84.73391,"Good"
"baby wipes",104.4365,"Good"
"whitening lotion",118.308,"Good"
"cotton buds",135.4987,"Good"
"pain relief oil",150.0744,"Good"
"soy milk drink strawberry flavor",180.8877,"Good"
"cheddar spread",203.3812,"Good"
"caramel latte mix",219.4824,"Good"
"chicken spread",237.1043,"Good"
"muffin",254.0367,"Good"
"misua",275.5777,"Good"
"imported drinks",308.0669,"Good"
"potato chips",327.6922,"Good"
"nutella",346.7582,"Good"
"seaweed",361.3481,"Good"
"mushrooms",380.5456,"Good"
"vanilla cake bar",0,"77"
"caramel latte mix",15.91528,"Good"
"black roast coffee",30.62089,"Good"
"misua",57.53972,"Good"
"pet shampoo",88.61942,"Good"
"baby wipes",108.7298,"Good"
"mosquito net",123.7117,"Good"
"deodorant",138.8044,"Good"
"toilet papers",157.6821,"Good"
"canned ham",185.1736,"Good"
"nori",206.6869,"Good"
"rice stick",222.3732,"Good"
"seaweed",244.9991,"Good"
"onion",271.3273,"Good"
"tacchino",287.7356,"Good"
"sword pepper",304.0019,"Good"
"white cheese",319.2888,"Good"
"bell pepper",338.0744,"Good"
"soy sauce",0,"78"
"oyster sauce",31.61518,"Good"
"chocolate cake bar",51.17717,"Good"
"muffin",66.01828,"Good"
"choco pie",92.93636,"Good"
"cocoa powder",115.1346,"Good"
"cotton buds",133.0319,"Good"
"rice stick",148.7154,"Good"
"seaweed",171.8952,"Good"
"mushrooms",193.4115,"Good"
"garlic pack",214.7866,"Good"
"chicken cutlet",237.9693,"Good"
"white cheese",254.9036,"Good"
"bell pepper",269.3213,"Good"
"dishwashing liquid",309.0825,"Good"
"whitening lotion",330.2433,"Good"
"baby wipes",343.4341,"Good"
"deodorant",356.6239,"Good"
"blueberries",0,"79"
"garlic pack",28.14168,"Good"
"onion",47.84327,"Good"
"sword pepper",72.25981,"Good"
"prune juice",104.4524,"Good"
"soy milk drink strawberry flavor",120.5432,"Good"
"mayonnaise",142.0694,"Good"
"puto cheese",162.3379,"Good"
"dishwashing liquid",194.3999,"Good"
"pet shampoo",210.9185,"Good"
"shampoo",226.5963,"Good"
"facial wash",250.1934,"Good"
"canned ham",284.8689,"Good"
"cocoa powder",309.1079,"Good"
"ramen",326.0739,"Good"
"imported drinks",344.2987,"Good"
"choco pie",368.2561,"Good"
"seaweed",390.8166,"Good"
"mushrooms",411.9789,"Good"
"canned ham",0,"80"
"choco pie",19.5267,"Good"
"mayonnaise",41.7275,"Good"
"misua",64.0642,"Good"
"rice stick",75.71637,"Good"
"onion",97.49142,"Good"
"frozen bangus",117.0527,"Good"
"blueberries",148.5825,"Good"
"sword pepper",164.2697,"Good"
"cloves",194.3893,"Good"
"tacchino",219.0965,"Good"
"whole grain oats",248.6616,"Good"
"breakfast cereal",264.2576,"Good"
"cheddar spread",281.6363,"Good"
"chicken spread",295.6652,"Good"
"black roast coffee",312.7704,"Good"
"puto cheese",326.8004,"Good"
"liquid detergent",355.3724,"Good"
"facial wash",378.493,"Good"
"deodorant",0,"81"
"mosquito net",14.52528,"Good"
"cotton buds",31.74513,"Good"
"breakfast cereal",57.97153,"Good"
"chicken spread",76.42355,"Good"
"hazelnut with cocoa spread",91.26505,"Good"
"choco pie",117.2099,"Good"
"ramen",136.392,"Good"
"yogurt juice",154.2958,"Good"
"imported drinks",170.2587,"Good"
"milk tea",185.9453,"Good"
"nori",198.5766,"Good"
"garlic pack",222.0271,"Good"
"cayenne pepper",234.1051,"Good"
"watermelon",256.7333,"Good"
"misua",0,"82"
"caramel latte mix",30.77924,"Good"
"whole grain oats",46.59519,"Good"
"hazelnut with cocoa spread",68.23987,"Good"
"whitening lotion",112.5056,"Good"
"facial wash",126.6526,"Good"
"deodorant",139.0625,"Good"
"cotton buds",156.9694,"Good"
"liquid detergent",177.652,"Good"
"cloves",213.324,"Good"
"bell pepper",237.1965,"Good"
"garlic pack",261.1123,"Good"
"frozen bangus",279.7562,"Good"
"yogurt juice",307.4907,"Good"
"cocoa powder",324.7461,"Good"
"canned ham",349.1235,"Good"
"milk tea",371.2664,"Good"
"cotton buds",0,"83"
"dishwashing liquid",20.22198,"Good"
"frozen bangus",64.62703,"Good"
"cayenne pepper",84.32777,"Good"
"onion",104.3068,"Good"
"yogurt juice",126.2285,"Good"
"watermelon",141.8,"Good"
"grapes",154.4316,"Good"
"potato chips",180.7965,"Good"
"choco pie",196.8976,"Good"
"nutella",221.5975,"Good"
"ramen",237.845,"Good"
"chocolate cake bar",262.3144,"Good"
"cheddar spread",288.7918,"Good"
"vanilla cake bar",308.2768,"Good"
"prune juice",328.0396,"Good"
"breakfast cereal",338.4338,"Good"
"baby wipes",0,"84"
"toilet papers",16.05519,"Good"
"pet shampoo",30.34448,"Good"
"air freshener",41.99371,"Good"
"cheddar spread",67.52504,"Good"
"wheat sesame",82.50497,"Good"
"prune juice",97.62363,"Good"
"hazelnut with cocoa spread",117.1847,"Good"
"white cheese",143.285,"Good"
"bell pepper",162.1617,"Good"
"cayenne pepper",179.372,"Good"
"chicken cutlet",199.2161,"Good"
"yogurt juice",217.8157,"Good"
"mushrooms",236.8311,"Good"
"choco pie",257.6649,"Good"
"nutella",276.4508,"Good"
"seaweed",291.0381,"Good"
"rice stick",310.2416,"Good"
"imported drinks",324.2774,"Good"
"milk tea",338.5797,"Good"
"bell pepper",0,"85"
"cloves",27.72351,"Good"
"garlic pack",38.95896,"Good"
"mayonnaise",54.34722,"Good"
"soy milk drink strawberry flavor",74.18195,"Good"
"hazelnut with cocoa spread",91.6604,"Good"
"whitening lotion",131.0687,"Good"
"mosquito net",147.8641,"Good"
"rejuvenating serum",165.7715,"Good"
"toilet papers",184.6487,"Good"
"cotton buds",199.3636,"Good"
"pet shampoo",216.8522,"Good"
"shampoo",231.9827,"Good"
"dishwashing liquid",246.6946,"Good"
"ramen",272.7808,"Good"
"milk tea",292.5453,"Good"
"potato chips",0,"86"
"seaweed",18.00449,"Good"
"cocoa powder",36.45861,"Good"
"ramen",53.10683,"Good"
"oyster sauce",72.25347,"Good"
"misua",86.95486,"Good"
"chocolate cake bar",103.6018,"Good"
"nori",118.582,"Good"
"milk tea",130.5217,"Good"
"shampoo",146.4836,"Good"
"tacchino",165.9171,"Good"
"bell pepper",181.186,"Good"
"soy milk drink strawberry flavor",206.4482,"Good"
"breakfast cereal",222.966,"Good"
"hazelnut with cocoa spread",243.9282,"Good"
"facial wash",280.8957,"Good"
"mosquito net",294.6468,"Good"
"whitening lotion",309.0956,"Good"
"pet shampoo",327.0427,"Good"
"air freshener",337.8547,"Good"
"whole grain oats",0,"87"
"soy milk drink strawberry flavor",15.63619,"Good"
"misua",35.61043,"Good"
"soy sauce",51.14795,"Good"
"black roast coffee",71.54121,"Good"
"caramel latte mix",86.5162,"Good"
"chicken spread",103.1619,"Good"
"nutella",124.8054,"Good"
"yogurt juice",144.4373,"Good"
"rice stick",160.5403,"Good"
"frozen bangus",187.3291,"Good"
"onion",205.9311,"Good"
"rejuvenating serum",239.9359,"Good"
"facial wash",254.9267,"Good"
"deodorant",265.971,"Good"
"paper plates",282.2367,"Good"
"toilet papers",293.0497,"Good"
"mosquito net",0,"88"
"baby wipes",16.05219,"Good"
"deodorant",30.06687,"Good"
"toilet papers",49.62748,"Good"
"cotton buds",63.50023,"Good"
"air freshener",81.81114,"Good"
"bell pepper",128.1596,"Good"
"white cheese",144.9556,"Good"
"tacchino",159.8079,"Good"
"cloves",186.4583,"Good"
"garlic pack",198.5362,"Good"
"chicken cutlet",222.6806,"Good"
"fries",238.5031,"Good"
"sword pepper",265.7803,"Good"
"grapes",279.8119,"Good"
"mushrooms",307.8257,"Good"
"canned ham",321.1541,"Good"
"cheddar spread",340.7768,"Good"
"vanilla cake bar",360.2619,"Good"
"black roast coffee",375.41,"Good"
"whole grain oats",391.5377,"Good"
"deodorant",0,"89"
"facial wash",11.74808,"Good"
"rejuvenating serum",26.35401,"Good"
"paper plates",45.3615,"Good"
"toilet papers",57.01246,"Good"
"misua",92.95207,"Good"
"cheddar spread",123.4774,"Good"
"chocolate cake bar",143.9714,"Good"
"caramel latte mix",161.7381,"Good"
"seaweed",182.0041,"Good"
"mushrooms",204.2135,"Good"
"cocoa powder",223.2308,"Good"
"cayenne pepper",249.8818,"Good"
"grapes",274.1131,"Good"
"watermelon",284.9271,"Good"
"mosquito net",0,"90"
"facial wash",14.38739,"Good"
"toilet papers",31.4695,"Good"
"cotton buds",45.3419,"Good"
"pain relief oil",59.35147,"Good"
"choco pie",82.93758,"Good"
"seaweed",102.3616,"Good"
"nutella",117.6194,"Good"
"yogurt juice",136.4157,"Good"
"mushrooms",153.4974,"Good"
"chocolate cake bar",171.9581,"Good"
"milk tea",187.9198,"Good"
"nori",200.4141,"Good"
"cheddar spread",221.089,"Good"
"muffin",238.8561,"Good"
"whole grain oats",257.3202,"Good"
"chicken spread",275.405,"Good"
"cloves",289.7115,"Good"
"onion",306.3975,"Good"
"blueberries",327.0013,"Good"
"oyster sauce",0,"91"
"mayonnaise",21.75209,"Good"
"soy sauce",42.42506,"Good"
"chocolate cake bar",63.51373,"Good"
"puto cheese",78.35634,"Good"
"whole grain oats",95.97402,"Good"
"soy milk drink strawberry flavor",111.2267,"Good"
"paper plates",138.6896,"Good"
"pain relief oil",154.5148,"Good"
"liquid detergent",172.4213,"Good"
"pet shampoo",187.9675,"Good"
"shampoo",206.2828,"Good"
"tacchino",241.2606,"Good"
"cloves",263.2469,"Good"
"cayenne pepper",273.6408,"Good"
"garlic pack",284.0335,"Good"
"yogurt juice",305.7474,"Good"
"grapes",319.9145,"Good"
"nutella",341.4907,"Good"
"canned ham",356.0764,"Good"
"nori",374.7159,"Good"
"chicken cutlet",0,"92"
"grapes",21.19377,"Good"
"air freshener",57.68794,"Good"
"pet shampoo",69.3396,"Good"
"dishwashing liquid",84.45905,"Good"
"soy sauce",115.8187,"Good"
"caramel latte mix",134.5455,"Good"
"soy milk drink strawberry flavor",153.8408,"Good"
"prune juice",170.4993,"Good"
"breakfast cereal",182.5687,"Good"
"hazelnut with cocoa spread",205.6092,"Good"
"potato chips",238.0976,"Good"
"ramen",256.8399,"Good"
"cocoa powder",274.2254,"Good"
"nori",288.3875,"Good"
"puto cheese",0,"93"
"misua",25.36265,"Good"
"whole grain oats",49.64264,"Good"
"rejuvenating serum",79.47631,"Good"
"baby wipes",94.04157,"Good"
"toilet papers",110.9652,"Good"
"cotton buds",124.6982,"Good"
"white cheese",165.5596,"Good"
"frozen bangus",189.4349,"Good"
"fries",204.8419,"Good"
"cayenne pepper",225.1086,"Good"
"sword pepper",253.4216,"Good"
"potato chips",277.8481,"Good"
"seaweed",296.074,"Good"
"choco pie",316.8157,"Good"
"imported drinks",338.8172,"Good"
"milk tea",352.8465,"Good"
"mayonnaise",0,"94"
"vanilla cake bar",16.46936,"Good"
"wheat sesame",32.84428,"Good"
"hazelnut with cocoa spread",50.3173,"Good"
"chicken spread",64.60442,"Good"
"mosquito net",103.5965,"Good"
"whitening lotion",119.1326,"Good"
"paper plates",137.2,"Good"
"cotton buds",152.0527,"Good"
"pain relief oil",166.7669,"Good"
"liquid detergent",185.5069,"Good"
"air freshener",201.1891,"Good"
"shampoo",216.0335,"Good"
"mushrooms",237.549,"Good"
"cocoa powder",260.2076,"Good"
"tacchino",279.5522,"Good"
"fries",296.0987,"Good"
"frozen bangus",310.6913,"Good"
"chicken cutlet",327.7898,"Good"
"blueberries",349.3716,"Good"
"yogurt juice",0,"95"
"rice stick",16.05309,"Good"
"milk tea",31.03777,"Good"
"nori",42.8206,"Good"
"puto cheese",66.67801,"Good"
"vanilla cake bar",82.07632,"Good"
"prune juice",101.9143,"Good"
"hazelnut with cocoa spread",124.6696,"Good"
"white cheese",157.6085,"Good"
"fries",178.4276,"Good"
"cayenne pepper",199.8039,"Good"
"grapes",227.7032,"Good"
"rejuvenating serum",260.0755,"Good"
"pet shampoo",279.1412,"Good"
"air freshener",289.9534,"Good"
"seaweed",0,"96"
"ramen",19.94547,"Good"
"yogurt juice",34.92665,"Good"
"oyster sauce",53.5164,"Good"
"rice stick",68.35701,"Good"
"cheddar spread",86.94685,"Good"
"vanilla cake bar",104.8453,"Good"
"puto cheese",119.688,"Good"
"whole grain oats",137.5332,"Good"
"toilet papers",164.0446,"Good"
"pain relief oil",179.7304,"Good"
"dishwashing liquid",197.4902,"Good"
"frozen bangus",233.4417,"Good"
"onion",252.3188,"Good"
"grapes",272.5672,"Good"
"choco pie",0,"97"
"cocoa powder",20.08312,"Good"
"soy sauce",37.70332,"Good"
"cotton buds",52.68366,"Good"
"shampoo",67.52517,"Good"
"garlic pack",86.39286,"Good"
"frozen bangus",104.291,"Good"
"grapes",128.9884,"Good"
"baby wipes",158.8326,"Good"
"whitening lotion",173.6837,"Good"
"mosquito net",190.0639,"Good"
"pet shampoo",211.9932,"Good"
"cheddar spread",239.6169,"Good"
"muffin",257.6732,"Good"
"wheat sesame",273.9406,"Good"
"breakfast cereal",288.2497,"Good"
"hazelnut with cocoa spread",307.5919,"Good"
"oyster sauce",0,"98"
"misua",16.46956,"Good"
"prune juice",45.34256,"Good"
"mosquito net",84.05775,"Good"
"deodorant",99.17582,"Good"
"cotton buds",116.7941,"Good"
"toilet papers",130.6673,"Good"
"shampoo",148.0159,"Good"
"choco pie",178.6913,"Good"
"mushrooms",204.0923,"Good"
"yogurt juice",223.2488,"Good"
"nori",239.6275,"Good"
"bell pepper",265.2297,"Good"
"white cheese",285.6916,"Good"
"tacchino",299.0229,"Good"
"chicken cutlet",313.6107,"Good"
"garlic pack",335.8932,"Good"
"grapes",361.2502,"Good"
"soy milk drink strawberry flavor",0,"99"
"oyster sauce",19.94266,"Good"
"cheddar spread",47.13309,"Good"
"chocolate cake bar",67.80421,"Good"
"muffin",82.64761,"Good"
"soy sauce",101.7852,"Good"
"black roast coffee",126.4829,"Good"
"seaweed",147.902,"Good"
"rice stick",172.4694,"Good"
"canned ham",193.1506,"Good"
"cotton buds",213.1395,"Good"
"paper plates",248.8096,"Good"
"rejuvenating serum",268.4426,"Good"
"air freshener",287.5072,"Good"
"pet shampoo",298.3182,"Good"
"white cheese",341.4304,"Good"
"chicken cutlet",357.2782,"Good"
"sword pepper",379.0003,"Good"
"blueberries",393.0301,"Good"
